row_type,parameter,module,quantity,eta,multiplier,direct_probability,row_status,profile_status,is_expansion_node,is_adaptive_node,direction,closest_proportional_crossing,probability_error,probability_resolution_pass,relative_multiplier_resolution_pass,crossing_exists,observed_nonmonotonic,search_guard_reached,numerical_issues
profile,r_mL,LAI,nominal arithmetic mean,-0.8,0.44932896411722156,0.170651798422617,ok,crossing_resolved,True,False,,,,,,True,False,False,
profile,r_mL,LAI,nominal arithmetic mean,-0.76,0.46766642700990924,0.16745836786821938,ok,crossing_resolved,False,False,,,,,,True,False,False,
profile,r_mL,LAI,nominal arithmetic mean,-0.7200000000000001,0.4867522559599716,0.16419041149586117,ok,crossing_resolved,False,False,,,,,,True,False,False,
profile,r_mL,LAI,nominal arithmetic mean,-0.68,0.5066169923655895,0.1608492321193799,ok,crossing_resolved,False,False,,,,,,True,False,False,
profile,r_mL,LAI,nominal arithmetic mean,-0.64,0.5272924240430485,0.1574364531649335,ok,crossing_resolved,False,False,,,,,,True,False,False,
profile,r_mL,LAI,nominal arithmetic mean,-0.6000000000000001,0.5488116360940264,0.153954037830129,ok,crossing_resolved,False,False,,,,,,True,False,False,
profile,r_mL,LAI,nominal arithmetic mean,-0.56,0.5712090638488149,0.150404307681326,ok,crossing_resolved,False,False,,,,,,True,False,False,
profile,r_mL,LAI,nominal arithmetic mean,-0.52,0.5945205479701944,0.14678996045123857,ok,crossing_resolved,False,False,,,,,,True,False,False,
profile,r_mL,LAI,nominal arithmetic mean,-0.48000000000000004,0.6187833918061408,0.14311408677373305,ok,crossing_resolved,False,False,,,,,,True,False,False,
profile,r_mL,LAI,nominal arithmetic mean,-0.44000000000000006,0.6440364210831413,0.1393801855629519,ok,crossing_resolved,False,False,,,,,,True,False,False,
profile,r_mL,LAI,nominal arithmetic mean,-0.4,0.6703200460356393,0.13559217770803028,ok,crossing_resolved,True,False,,,,,,True,False,False,
profile,r_mL,LAI,nominal arithmetic mean,-0.38,0.6838614092123558,0.13367922736356236,ok,crossing_resolved,False,False,,,,,,True,False,False,
profile,r_mL,LAI,nominal arithmetic mean,-0.36000000000000004,0.697676326071031,0.13175441771120375,ok,crossing_resolved,False,False,,,,,,True,False,False,
profile,r_mL,LAI,nominal arithmetic mean,-0.34,0.7117703227626097,0.1298183623195956,ok,crossing_resolved,False,False,,,,,,True,False,False,
profile,r_mL,LAI,nominal arithmetic mean,-0.32000000000000006,0.7261490370736908,0.1278717028448022,ok,crossing_resolved,False,False,,,,,,True,False,False,
profile,r_mL,LAI,nominal arithmetic mean,-0.32,0.7261490370736909,0.1278717028448022,ok,crossing_resolved,False,False,,,,,,True,False,False,
profile,r_mL,LAI,nominal arithmetic mean,-0.30000000000000004,0.7408182206817179,0.1259151091459014,ok,crossing_resolved,False,False,,,,,,True,False,False,
profile,r_mL,LAI,nominal arithmetic mean,-0.28,0.7557837414557255,0.12394927934095118,ok,crossing_resolved,False,False,,,,,,True,False,False,
profile,r_mL,LAI,nominal arithmetic mean,-0.26,0.7710515858035663,0.12197493979822915,ok,crossing_resolved,False,False,,,,,,True,False,False,
profile,r_mL,LAI,nominal arithmetic mean,-0.24000000000000002,0.7866278610665534,0.1199928450573243,ok,crossing_resolved,False,False,,,,,,True,False,False,
profile,r_mL,LAI,nominal arithmetic mean,-0.24,0.7866278610665535,0.11999284505732427,ok,crossing_resolved,False,False,,,,,,True,False,False,
profile,r_mL,LAI,nominal arithmetic mean,-0.22000000000000003,0.8025187979624785,0.11800377767434875,ok,crossing_resolved,False,False,,,,,,True,False,False,
profile,r_mL,LAI,nominal arithmetic mean,-0.20000000000000007,0.8187307530779818,0.1160085479852368,ok,crossing_resolved,False,False,,,,,,True,False,False,
profile,r_mL,LAI,nominal arithmetic mean,-0.2,0.8187307530779818,0.1160085479852368,ok,crossing_resolved,True,False,,,,,,True,False,False,
profile,r_mL,LAI,nominal arithmetic mean,-0.19,0.8269591339433623,0.11500888302385595,ok,crossing_resolved,False,False,,,,,,True,False,False,
profile,r_mL,LAI,nominal arithmetic mean,-0.18000000000000002,0.835270211411272,0.11400799378081738,ok,crossing_resolved,False,False,,,,,,True,False,False,
profile,r_mL,LAI,nominal arithmetic mean,-0.17,0.8436648165963837,0.11300598920096289,ok,crossing_resolved,False,False,,,,,,True,False,False,
profile,r_mL,LAI,nominal arithmetic mean,-0.16000000000000003,0.8521437889662113,0.11200297988710183,ok,crossing_resolved,False,False,,,,,,True,False,False,
profile,r_mL,LAI,nominal arithmetic mean,-0.16,0.8521437889662113,0.11200297988710183,ok,crossing_resolved,False,False,,,,,,True,False,False,
profile,r_mL,LAI,nominal arithmetic mean,-0.15000000000000002,0.8607079764250578,0.11099907808123424,ok,crossing_resolved,False,False,,,,,,True,False,False,
profile,r_mL,LAI,nominal arithmetic mean,-0.14,0.8693582353988059,0.10999439764402529,ok,crossing_resolved,False,False,,,,,,True,False,False,
profile,r_mL,LAI,nominal arithmetic mean,-0.13,0.8780954309205613,0.10898905403247615,ok,crossing_resolved,False,False,,,,,,True,False,False,
profile,r_mL,LAI,nominal arithmetic mean,-0.12000000000000001,0.8869204367171575,0.10798316427573654,ok,crossing_resolved,False,False,,,,,,True,False,False,
profile,r_mL,LAI,nominal arithmetic mean,-0.12,0.8869204367171575,0.10798316427573654,ok,crossing_resolved,False,False,,,,,,True,False,False,
profile,r_mL,LAI,nominal arithmetic mean,-0.11000000000000001,0.8958341352965282,0.10697684694900483,ok,crossing_resolved,False,False,,,,,,True,False,False,
profile,r_mL,LAI,nominal arithmetic mean,-0.10000000000000003,0.9048374180359595,0.10597022214546163,ok,crossing_resolved,False,False,,,,,,True,False,False,
profile,r_mL,LAI,nominal arithmetic mean,-0.1,0.9048374180359595,0.10597022214546163,ok,crossing_resolved,True,False,,,,,,True,False,False,
profile,r_mL,LAI,nominal arithmetic mean,-0.095,0.9093729344682314,0.10546683237671614,ok,crossing_resolved,False,False,,,,,,True,False,False,
profile,r_mL,LAI,nominal arithmetic mean,-0.09000000000000001,0.9139311852712282,0.10496341144618354,ok,crossing_resolved,False,False,,,,,,True,False,False,
profile,r_mL,LAI,nominal arithmetic mean,-0.085,0.9185122844014574,0.1044599747787063,ok,crossing_resolved,False,False,,,,,,True,False,False,
profile,r_mL,LAI,nominal arithmetic mean,-0.08000000000000007,0.9231163463866358,0.10395653788798502,ok,crossing_resolved,False,False,,,,,,True,False,False,
profile,r_mL,LAI,nominal arithmetic mean,-0.08000000000000002,0.9231163463866358,0.10395653788798502,ok,crossing_resolved,False,False,,,,,,True,False,False,
profile,r_mL,LAI,nominal arithmetic mean,-0.08,0.9231163463866358,0.10395653788798502,ok,crossing_resolved,False,False,,,,,,True,False,False,
profile,r_mL,LAI,nominal arithmetic mean,-0.07500000000000001,0.9277434863285529,0.10345311637545648,ok,crossing_resolved,False,False,,,,,,True,False,False,
profile,r_mL,LAI,nominal arithmetic mean,-0.07,0.9323938199059483,0.1029497259291374,ok,crossing_resolved,False,False,,,,,,True,False,False,
profile,r_mL,LAI,nominal arithmetic mean,-0.065,0.9370674633774034,0.1024463823224338,ok,crossing_resolved,False,False,,,,,,True,False,False,
profile,r_mL,LAI,nominal arithmetic mean,-0.060000000000000005,0.9417645335842487,0.10194310141291485,ok,crossing_resolved,False,False,,,,,,True,False,False,
profile,r_mL,LAI,nominal arithmetic mean,-0.06,0.9417645335842487,0.10194310141291485,ok,crossing_resolved,False,False,,,,,,True,False,False,
profile,r_mL,LAI,nominal arithmetic mean,-0.05500000000000001,0.9464851479534838,0.10143989914105174,ok,crossing_resolved,False,False,,,,,,True,False,False,
profile,r_mL,LAI,nominal arithmetic mean,-0.05000000000000002,0.951229424500714,0.10093679152892031,ok,crossing_resolved,False,False,,,,,,True,False,False,
profile,r_mL,LAI,nominal arithmetic mean,-0.05,0.951229424500714,0.10093679152892031,ok,crossing_resolved,True,False,,,,,,True,False,False,
profile,r_mL,LAI,nominal arithmetic mean,-0.0475,0.9536104731326264,0.10068527824913924,ok,crossing_resolved,False,False,,,,,,True,False,False,
profile,r_mL,LAI,nominal arithmetic mean,-0.045000000000000005,0.9559974818330998,0.10043379467886823,ok,crossing_resolved,False,False,,,,,,True,False,False,
profile,r_mL,LAI,nominal arithmetic mean,-0.0425,0.958390465520947,0.10018234284321847,ok,crossing_resolved,False,False,,,,,,True,False,False,
profile,r_mL,LAI,nominal arithmetic mean,-0.040000000000000036,0.9607894391523232,0.09993092477214498,ok,crossing_resolved,False,False,,,,,,True,False,False,
profile,r_mL,LAI,nominal arithmetic mean,-0.04000000000000001,0.9607894391523232,0.09993092477214498,ok,crossing_resolved,False,False,,,,,,True,False,False,
profile,r_mL,LAI,nominal arithmetic mean,-0.04,0.9607894391523232,0.09993092477214498,ok,crossing_resolved,False,False,,,,,,True,False,False,
profile,r_mL,LAI,nominal arithmetic mean,-0.037500000000000006,0.9631944177208218,0.0996795425004016,ok,crossing_resolved,False,False,,,,,,True,False,False,
profile,r_mL,LAI,nominal arithmetic mean,-0.035,0.9656054162575665,0.09942819806749584,ok,crossing_resolved,False,False,,,,,,True,False,False,
profile,r_mL,LAI,nominal arithmetic mean,-0.0325,0.968022449831306,0.0991768935176427,ok,crossing_resolved,False,False,,,,,,True,False,False,
profile,r_mL,LAI,nominal arithmetic mean,-0.030000000000000002,0.9704455335485082,0.0989256308997183,ok,crossing_resolved,False,False,,,,,,True,False,False,
profile,r_mL,LAI,nominal arithmetic mean,-0.03,0.9704455335485082,0.0989256308997183,ok,crossing_resolved,False,False,,,,,,True,False,False,
profile,r_mL,LAI,nominal arithmetic mean,-0.027500000000000004,0.972874682553454,0.09867441226721253,ok,crossing_resolved,False,False,,,,,,True,False,False,
profile,r_mL,LAI,nominal arithmetic mean,-0.02500000000000001,0.9753099120283326,0.09842323967818147,ok,crossing_resolved,False,False,,,,,,True,False,False,
profile,r_mL,LAI,nominal arithmetic mean,-0.025,0.9753099120283326,0.09842323967818147,ok,crossing_resolved,False,False,,,,,,True,False,False,
profile,r_mL,LAI,nominal arithmetic mean,-0.022500000000000003,0.9777512371933363,0.09817211519519897,ok,crossing_resolved,False,False,,,,,,True,False,False,
profile,r_mL,LAI,nominal arithmetic mean,-0.020000000000000018,0.9801986733067553,0.09792104088530781,ok,crossing_resolved,False,False,,,,,,True,False,False,
profile,r_mL,LAI,nominal arithmetic mean,-0.020000000000000004,0.9801986733067553,0.09792104088530781,ok,crossing_resolved,False,False,,,,,,True,False,False,
profile,r_mL,LAI,nominal arithmetic mean,-0.0175,0.9826522356650732,0.09767001881996998,ok,crossing_resolved,False,False,,,,,,True,False,False,
profile,r_mL,LAI,nominal arithmetic mean,-0.015,0.9851119396030626,0.09741905107501685,ok,crossing_resolved,False,False,,,,,,True,False,False,
profile,r_mL,LAI,nominal arithmetic mean,-0.012500000000000004,0.9875778004938814,0.09716813973059824,ok,crossing_resolved,False,False,,,,,,True,False,False,
profile,r_mL,LAI,nominal arithmetic mean,-0.010000000000000009,0.990049833749168,0.09691728687113117,ok,crossing_resolved,False,False,,,,,,True,False,False,
profile,r_mL,LAI,nominal arithmetic mean,-0.010000000000000002,0.9900498337491681,0.09691728687113117,ok,crossing_resolved,False,False,,,,,,True,False,False,
profile,r_mL,LAI,nominal arithmetic mean,-0.0075,0.9925280548191384,0.09666649458524798,ok,crossing_resolved,False,False,,,,,,True,False,False,
profile,r_mL,LAI,nominal arithmetic mean,-0.0050000000000000044,0.9950124791926823,0.0964157649657437,ok,crossing_resolved,False,False,,,,,,True,False,False,
profile,r_mL,LAI,nominal arithmetic mean,-0.0025000000000000022,0.9975031223974601,0.09616510010952298,ok,crossing_resolved,False,False,,,,,,True,False,False,
profile,r_mL,LAI,nominal arithmetic mean,0.0,1.0,0.09591450211754649,ok,crossing_resolved,True,False,,,,,,True,False,False,
profile,r_mL,LAI,nominal arithmetic mean,0.0024999999999999953,1.0025031276057952,0.0956639730947763,ok,crossing_resolved,False,False,,,,,,True,False,False,
profile,r_mL,LAI,nominal arithmetic mean,0.0049999999999999906,1.005012520859401,0.09541351515012118,ok,crossing_resolved,False,False,,,,,,True,False,False,
profile,r_mL,LAI,nominal arithmetic mean,0.0049999999999999975,1.005012520859401,0.09541351515012118,ok,crossing_resolved,False,False,,,,,,True,False,False,
profile,r_mL,LAI,nominal arithmetic mean,0.0075,1.0075281954445339,0.09516313039638084,ok,crossing_resolved,False,False,,,,,,True,False,False,
profile,r_mL,LAI,nominal arithmetic mean,0.009999999999999981,1.010050167084168,0.09491282095018996,ok,crossing_resolved,False,False,,,,,,True,False,False,
profile,r_mL,LAI,nominal arithmetic mean,0.009999999999999995,1.010050167084168,0.09491282095018996,ok,crossing_resolved,False,False,,,,,,True,False,False,
profile,r_mL,LAI,nominal arithmetic mean,0.012499999999999997,1.0125784515406344,0.09466258893196115,ok,crossing_resolved,False,False,,,,,,True,False,False,
profile,r_mL,LAI,nominal arithmetic mean,0.015,1.015113064615719,0.09441243646582781,ok,crossing_resolved,False,False,,,,,,True,False,False,
profile,r_mL,LAI,nominal arithmetic mean,0.0175,1.0176540221507617,0.09416236567958595,ok,crossing_resolved,False,False,,,,,,True,False,False,
profile,r_mL,LAI,nominal arithmetic mean,0.019999999999999962,1.0202013400267558,0.09391237870463555,ok,crossing_resolved,False,False,,,,,,True,False,False,
profile,r_mL,LAI,nominal arithmetic mean,0.01999999999999999,1.0202013400267558,0.09391237870463555,ok,crossing_resolved,False,False,,,,,,True,False,False,
profile,r_mL,LAI,nominal arithmetic mean,0.020000000000000004,1.0202013400267558,0.09391237870463555,ok,crossing_resolved,False,False,,,,,,True,False,False,
profile,r_mL,LAI,nominal arithmetic mean,0.022499999999999992,1.022755034164446,0.09366247767592137,ok,crossing_resolved,False,False,,,,,,True,False,False,
profile,r_mL,LAI,nominal arithmetic mean,0.024999999999999994,1.0253151205244289,0.09341266473187312,ok,crossing_resolved,False,False,,,,,,True,False,False,
profile,r_mL,LAI,nominal arithmetic mean,0.027499999999999997,1.0278816151072527,0.09316294201434487,ok,crossing_resolved,False,False,,,,,,True,False,False,
profile,r_mL,LAI,nominal arithmetic mean,0.03,1.030454533953517,0.09291331166855407,ok,crossing_resolved,False,False,,,,,,True,False,False,
profile,r_mL,LAI,nominal arithmetic mean,0.0325,1.0330338931439726,0.09266377584301973,ok,crossing_resolved,False,False,,,,,,True,False,False,
profile,r_mL,LAI,nominal arithmetic mean,0.035,1.0356197087996233,0.09241433668950005,ok,crossing_resolved,False,False,,,,,,True,False,False,
profile,r_mL,LAI,nominal arithmetic mean,0.037500000000000006,1.038211997081825,0.09216499636292963,ok,crossing_resolved,False,False,,,,,,True,False,False,
profile,r_mL,LAI,nominal arithmetic mean,0.039999999999999925,1.0408107741923882,0.09191575702135572,ok,crossing_resolved,False,False,,,,,,True,False,False,
profile,r_mL,LAI,nominal arithmetic mean,0.03999999999999998,1.0408107741923882,0.09191575702135572,ok,crossing_resolved,False,False,,,,,,True,False,False,
profile,r_mL,LAI,nominal arithmetic mean,0.039999999999999994,1.0408107741923882,0.09191575702135572,ok,crossing_resolved,False,False,,,,,,True,False,False,
profile,r_mL,LAI,nominal arithmetic mean,0.04000000000000001,1.0408107741923882,0.09191575702135572,ok,crossing_resolved,False,False,,,,,,True,False,False,
profile,r_mL,LAI,nominal arithmetic mean,0.042499999999999996,1.043416056373678,0.09166662082587412,ok,crossing_resolved,False,False,,,,,,True,False,False,
profile,r_mL,LAI,nominal arithmetic mean,0.044999999999999984,1.046027859908717,0.09141758994056436,ok,crossing_resolved,False,False,,,,,,True,False,False,
profile,r_mL,LAI,nominal arithmetic mean,0.045,1.046027859908717,0.09141758994056436,ok,crossing_resolved,False,False,,,,,,True,False,False,
profile,r_mL,LAI,nominal arithmetic mean,0.0475,1.0486462011212851,0.09116866653242416,ok,crossing_resolved,False,False,,,,,,True,False,False,
profile,r_mL,LAI,nominal arithmetic mean,0.04999999999999999,1.0512710963760241,0.09091985277130353,ok,crossing_resolved,False,False,,,,,,True,False,False,
profile,r_mL,LAI,nominal arithmetic mean,0.05,1.0512710963760241,0.09091985277130353,ok,crossing_resolved,True,False,,,,,,True,False,False,
profile,r_mL,LAI,nominal arithmetic mean,0.05499999999999999,1.0565406146754943,0.09042256288338137,ok,crossing_resolved,False,False,,,,,,True,False,False,
profile,r_mL,LAI,nominal arithmetic mean,0.06,1.0618365465453596,0.08992573769009309,ok,crossing_resolved,False,False,,,,,,True,False,False,
profile,r_mL,LAI,nominal arithmetic mean,0.065,1.0671590243841926,0.08942939464603808,ok,crossing_resolved,False,False,,,,,,True,False,False,
profile,r_mL,LAI,nominal arithmetic mean,0.07,1.0725081812542165,0.08893355124489766,ok,crossing_resolved,False,False,,,,,,True,False,False,
profile,r_mL,LAI,nominal arithmetic mean,0.07500000000000001,1.0778841508846315,0.08843822501717326,ok,crossing_resolved,False,False,,,,,,True,False,False,
profile,r_mL,LAI,nominal arithmetic mean,0.07999999999999996,1.0832870676749584,0.08794343352788574,ok,crossing_resolved,False,False,,,,,,True,False,False,
profile,r_mL,LAI,nominal arithmetic mean,0.07999999999999999,1.0832870676749586,0.08794343352788574,ok,crossing_resolved,False,False,,,,,,True,False,False,
profile,r_mL,LAI,nominal arithmetic mean,0.08000000000000002,1.0832870676749586,0.08794343352788574,ok,crossing_resolved,False,False,,,,,,True,False,False,
profile,r_mL,LAI,nominal arithmetic mean,0.08499999999999999,1.0887170666983987,0.08744919437423561,ok,crossing_resolved,False,False,,,,,,True,False,False,
profile,r_mL,LAI,nominal arithmetic mean,0.08999999999999997,1.0941742837052104,0.08695552518322427,ok,crossing_resolved,False,False,,,,,,True,False,False,
profile,r_mL,LAI,nominal arithmetic mean,0.09,1.0941742837052104,0.08695552518322427,ok,crossing_resolved,False,False,,,,,,True,False,False,
profile,r_mL,LAI,nominal arithmetic mean,0.095,1.0996588551261028,0.08646244360923719,ok,crossing_resolved,False,False,,,,,,True,False,False,
profile,r_mL,LAI,nominal arithmetic mean,0.09999999999999998,1.1051709180756475,0.08596996733158802,ok,crossing_resolved,False,False,,,,,,True,False,False,
profile,r_mL,LAI,nominal arithmetic mean,0.1,1.1051709180756477,0.08596996733158799,ok,crossing_resolved,True,False,,,,,,True,False,False,
profile,r_mL,LAI,nominal arithmetic mean,0.10999999999999999,1.1162780704588713,0.08498690149220221,ok,crossing_resolved,False,False,,,,,,True,False,False,
profile,r_mL,LAI,nominal arithmetic mean,0.12,1.1274968515793757,0.08400646950245555,ok,crossing_resolved,False,False,,,,,,True,False,False,
profile,r_mL,LAI,nominal arithmetic mean,0.13,1.1388283833246218,0.0830288134351252,ok,crossing_resolved,False,False,,,,,,True,False,False,
profile,r_mL,LAI,nominal arithmetic mean,0.14,1.1502737988572274,0.08205407551326732,ok,crossing_resolved,False,False,,,,,,True,False,False,
profile,r_mL,LAI,nominal arithmetic mean,0.15000000000000002,1.161834242728283,0.08108239802283249,ok,crossing_resolved,False,False,,,,,,True,False,False,
profile,r_mL,LAI,nominal arithmetic mean,0.15999999999999992,1.17351087099181,0.08011392322307576,ok,crossing_resolved,False,False,,,,,,True,False,False,
profile,r_mL,LAI,nominal arithmetic mean,0.15999999999999998,1.1735108709918103,0.08011392322307573,ok,crossing_resolved,False,False,,,,,,True,False,False,
profile,r_mL,LAI,nominal arithmetic mean,0.16000000000000003,1.1735108709918103,0.08011392322307573,ok,crossing_resolved,False,False,,,,,,True,False,False,
profile,r_mL,LAI,nominal arithmetic mean,0.16999999999999998,1.1853048513203654,0.07914879325483937,ok,crossing_resolved,False,False,,,,,,True,False,False,
profile,r_mL,LAI,nominal arithmetic mean,0.17999999999999994,1.1972173631218102,0.078187150046795,ok,crossing_resolved,False,False,,,,,,True,False,False,
profile,r_mL,LAI,nominal arithmetic mean,0.18,1.1972173631218102,0.078187150046795,ok,crossing_resolved,False,False,,,,,,True,False,False,
profile,r_mL,LAI,nominal arithmetic mean,0.19,1.2092495976572515,0.0772291352197424,ok,crossing_resolved,False,False,,,,,,True,False,False,
profile,r_mL,LAI,nominal arithmetic mean,0.19999999999999996,1.2214027581601699,0.07627488998906948,ok,crossing_resolved,False,False,,,,,,True,False,False,
profile,r_mL,LAI,nominal arithmetic mean,0.2,1.2214027581601699,0.07627488998906948,ok,crossing_resolved,True,False,,,,,,True,False,False,
profile,r_mL,LAI,nominal arithmetic mean,0.21999999999999997,1.2460767305873808,0.07437827055417853,ok,crossing_resolved,False,False,,,,,,True,False,False,
profile,r_mL,LAI,nominal arithmetic mean,0.24,1.2712491503214047,0.07249840954608956,ok,crossing_resolved,False,False,,,,,,True,False,False,
profile,r_mL,LAI,nominal arithmetic mean,0.26,1.2969300866657718,0.07063641177512434,ok,crossing_resolved,False,False,,,,,,True,False,False,
profile,r_mL,LAI,nominal arithmetic mean,0.28,1.3231298123374369,0.06879336569000481,ok,crossing_resolved,False,False,,,,,,True,False,False,
profile,r_mL,LAI,nominal arithmetic mean,0.30000000000000004,1.3498588075760032,0.06697033995624277,ok,crossing_resolved,False,False,,,,,,True,False,False,
profile,r_mL,LAI,nominal arithmetic mean,0.31999999999999995,1.377127764335957,0.06516838000387586,ok,crossing_resolved,False,False,,,,,,True,False,False,
profile,r_mL,LAI,nominal arithmetic mean,0.32000000000000006,1.3771277643359572,0.06516838000387583,ok,crossing_resolved,False,False,,,,,,True,False,False,
profile,r_mL,LAI,nominal arithmetic mean,0.33999999999999997,1.4049475905635938,0.06338850456937943,ok,crossing_resolved,False,False,,,,,,True,False,False,
profile,r_mL,LAI,nominal arithmetic mean,0.3599999999999999,1.4333294145603401,0.06163170225814294,ok,crossing_resolved,False,False,,,,,,True,False,False,
profile,r_mL,LAI,nominal arithmetic mean,0.36,1.4333294145603401,0.06163170225814294,ok,crossing_resolved,False,False,,,,,,True,False,False,
profile,r_mL,LAI,nominal arithmetic mean,0.38,1.4622845894342245,0.059898928155140196,ok,crossing_resolved,False,False,,,,,,True,False,False,
profile,r_mL,LAI,nominal arithmetic mean,0.3999999999999999,1.4918246976412701,0.05819110051230138,ok,crossing_resolved,False,False,,,,,,True,False,False,
profile,r_mL,LAI,nominal arithmetic mean,0.4,1.4918246976412703,0.058191100512301364,ok,crossing_resolved,True,False,,,,,,True,False,False,
profile,r_mL,LAI,nominal arithmetic mean,0.43999999999999995,1.552707218511336,0.054853754342639546,ok,crossing_resolved,False,False,,,,,,True,False,False,
profile,r_mL,LAI,nominal arithmetic mean,0.48,1.6160744021928934,0.05162615483513952,ok,crossing_resolved,False,False,,,,,,True,False,False,
profile,r_mL,LAI,nominal arithmetic mean,0.52,1.6820276496988864,0.04851401498652749,ok,crossing_resolved,False,False,,,,,,True,False,False,
profile,r_mL,LAI,nominal arithmetic mean,0.56,1.7506725002961012,0.04552219392809098,ok,crossing_resolved,False,False,,,,,,True,False,False,
profile,r_mL,LAI,nominal arithmetic mean,0.6000000000000001,1.822118800390509,0.04265463792633293,ok,crossing_resolved,False,False,,,,,,True,False,False,
profile,r_mL,LAI,nominal arithmetic mean,0.6399999999999999,1.8964808793049512,0.0399143404453175,ok,crossing_resolved,False,False,,,,,,True,False,False,
profile,r_mL,LAI,nominal arithmetic mean,0.6799999999999999,1.9738777322304475,0.03730332272314445,ok,crossing_resolved,False,False,,,,,,True,False,False,
profile,r_mL,LAI,nominal arithmetic mean,0.72,2.0544332106438876,0.03482263538215978,ok,crossing_resolved,False,False,,,,,,True,False,False,
profile,r_mL,LAI,nominal arithmetic mean,0.76,2.1382762204968184,0.032472380632238174,ok,crossing_resolved,False,False,,,,,,True,False,False,
profile,r_mL,LAI,nominal arithmetic mean,0.8,2.225540928492468,0.03025175371337491,ok,crossing_resolved,True,False,,,,,,True,False,False,
root,r_mL,LAI,nominal arithmetic mean,0.500711318089371,1.649894453167797,0.049999999999999975,resolved_target_crossing,crossing_resolved,,,increase,True,-2.7755575615628914e-17,True,True,True,False,False,
profile,r_cL,LAI,arithmetic COV,-12.8,2.7607725720371986e-06,0.08268708854787256,ok,no_resolved_crossing_in_evaluated_domain,True,False,,,,,,False,True,True,Maximum documented search expansion reached without a crossing; no claim of impossibility is made.
profile,r_cL,LAI,arithmetic COV,-12.16,5.235752394978102e-06,0.08268708891089845,ok,no_resolved_crossing_in_evaluated_domain,False,False,,,,,,False,True,True,Maximum documented search expansion reached without a crossing; no claim of impossibility is made.
profile,r_cL,LAI,arithmetic COV,-11.520000000000001,9.929504305851064e-06,0.08268708959944608,ok,no_resolved_crossing_in_evaluated_domain,False,False,,,,,,False,True,True,Maximum documented search expansion reached without a crossing; no claim of impossibility is made.
profile,r_cL,LAI,arithmetic COV,-10.88,1.8831115057022737e-05,0.0826870909052478,ok,no_resolved_crossing_in_evaluated_domain,False,False,,,,,,False,True,True,Maximum documented search expansion reached without a crossing; no claim of impossibility is made.
profile,r_cL,LAI,arithmetic COV,-10.24,3.571284964163521e-05,0.08268709338168159,ok,no_resolved_crossing_in_evaluated_domain,False,False,,,,,,False,True,True,Maximum documented search expansion reached without a crossing; no claim of impossibility is made.
profile,r_cL,LAI,arithmetic COV,-9.600000000000001,6.772873649085378e-05,0.08268709807817998,ok,no_resolved_crossing_in_evaluated_domain,False,False,,,,,,False,True,True,Maximum documented search expansion reached without a crossing; no claim of impossibility is made.
profile,r_cL,LAI,arithmetic COV,-8.96,0.0001284462537343878,0.08268710698500101,ok,no_resolved_crossing_in_evaluated_domain,False,False,,,,,,False,True,True,Maximum documented search expansion reached without a crossing; no claim of impossibility is made.
profile,r_cL,LAI,arithmetic COV,-8.32,0.0002435958642256188,0.08268712387661872,ok,no_resolved_crossing_in_evaluated_domain,False,False,,,,,,False,True,True,Maximum documented search expansion reached without a crossing; no claim of impossibility is made.
profile,r_cL,LAI,arithmetic COV,-7.680000000000001,0.0004619748987816509,0.08268715591124864,ok,no_resolved_crossing_in_evaluated_domain,False,False,,,,,,False,True,True,Maximum documented search expansion reached without a crossing; no claim of impossibility is made.
profile,r_cL,LAI,arithmetic COV,-7.040000000000001,0.0008761265622582409,0.08268721666430635,ok,no_resolved_crossing_in_evaluated_domain,False,False,,,,,,False,True,True,Maximum documented search expansion reached without a crossing; no claim of impossibility is made.
profile,r_cL,LAI,arithmetic COV,-6.4,0.001661557273173934,0.08268733188128922,ok,no_resolved_crossing_in_evaluated_domain,True,False,,,,,,False,True,True,Maximum documented search expansion reached without a crossing; no claim of impossibility is made.
profile,r_cL,LAI,arithmetic COV,-6.08,0.0022881766529221693,0.08268742380175684,ok,no_resolved_crossing_in_evaluated_domain,False,False,,,,,,False,True,True,Maximum documented search expansion reached without a crossing; no claim of impossibility is made.
profile,r_cL,LAI,arithmetic COV,-5.760000000000001,0.0031511115984444384,0.08268755038788744,ok,no_resolved_crossing_in_evaluated_domain,False,False,,,,,,False,True,True,Maximum documented search expansion reached without a crossing; no claim of impossibility is made.
profile,r_cL,LAI,arithmetic COV,-5.44,0.004339483270738895,0.08268772471051808,ok,no_resolved_crossing_in_evaluated_domain,False,False,,,,,,False,True,True,Maximum documented search expansion reached without a crossing; no claim of impossibility is made.
profile,r_cL,LAI,arithmetic COV,-5.120000000000001,0.0059760228950059375,0.08268796075961599,ok,no_resolved_crossing_in_evaluated_domain,False,False,,,,,,False,True,True,Maximum documented search expansion reached without a crossing; no claim of impossibility is made.
profile,r_cL,LAI,arithmetic COV,-5.12,0.005976022895005943,0.08268796075961599,ok,no_resolved_crossing_in_evaluated_domain,False,False,,,,,,False,True,True,Maximum documented search expansion reached without a crossing; no claim of impossibility is made.
profile,r_cL,LAI,arithmetic COV,-4.800000000000001,0.008229747049020023,0.08268814527019079,ok,no_resolved_crossing_in_evaluated_domain,False,False,,,,,,False,True,True,Maximum documented search expansion reached without a crossing; no claim of impossibility is made.
profile,r_cL,LAI,arithmetic COV,-4.48,0.011333413154667387,0.08268815665614017,ok,no_resolved_crossing_in_evaluated_domain,False,False,,,,,,False,True,True,Maximum documented search expansion reached without a crossing; no claim of impossibility is made.
profile,r_cL,LAI,arithmetic COV,-4.16,0.01560755791998283,0.08268933424714602,ok,no_resolved_crossing_in_evaluated_domain,False,False,,,,,,False,True,True,Maximum documented search expansion reached without a crossing; no claim of impossibility is made.
profile,r_cL,LAI,arithmetic COV,-3.8400000000000003,0.021493601345089913,0.08269270459018044,ok,no_resolved_crossing_in_evaluated_domain,False,False,,,,,,False,True,True,Maximum documented search expansion reached without a crossing; no claim of impossibility is made.
profile,r_cL,LAI,arithmetic COV,-3.84,0.021493601345089923,0.08269270459018047,ok,no_resolved_crossing_in_evaluated_domain,False,False,,,,,,False,True,True,Maximum documented search expansion reached without a crossing; no claim of impossibility is made.
profile,r_cL,LAI,arithmetic COV,-3.5200000000000005,0.029599435167891985,0.08269920424116001,ok,no_resolved_crossing_in_evaluated_domain,False,False,,,,,,False,True,True,Maximum documented search expansion reached without a crossing; no claim of impossibility is made.
profile,r_cL,LAI,arithmetic COV,-3.200000000000001,0.04076220397836617,0.08271152853292066,ok,no_resolved_crossing_in_evaluated_domain,False,False,,,,,,False,True,True,Maximum documented search expansion reached without a crossing; no claim of impossibility is made.
profile,r_cL,LAI,arithmetic COV,-3.2,0.04076220397836621,0.08271152853292066,ok,no_resolved_crossing_in_evaluated_domain,True,False,,,,,,False,True,True,Maximum documented search expansion reached without a crossing; no claim of impossibility is made.
profile,r_cL,LAI,arithmetic COV,-3.04,0.04783488949419837,0.08272135853133906,ok,no_resolved_crossing_in_evaluated_domain,False,False,,,,,,False,True,True,Maximum documented search expansion reached without a crossing; no claim of impossibility is made.
profile,r_cL,LAI,arithmetic COV,-2.8800000000000003,0.056134762834133704,0.08273489225850067,ok,no_resolved_crossing_in_evaluated_domain,False,False,,,,,,False,True,True,Maximum documented search expansion reached without a crossing; no claim of impossibility is made.
profile,r_cL,LAI,arithmetic COV,-2.72,0.06587475442640295,0.08275352340995618,ok,no_resolved_crossing_in_evaluated_domain,False,False,,,,,,False,True,True,Maximum documented search expansion reached without a crossing; no claim of impossibility is made.
profile,r_cL,LAI,arithmetic COV,-2.6400000000000006,0.07136126955638603,0.08276532412161539,ok,no_resolved_crossing_in_evaluated_domain,False,True,,,,,,False,True,True,Maximum documented search expansion reached without a crossing; no claim of impossibility is made.
profile,r_cL,LAI,arithmetic COV,-2.6000000000000005,0.07427357821433384,0.0827719700993958,ok,no_resolved_crossing_in_evaluated_domain,False,True,,,,,,False,True,True,Maximum documented search expansion reached without a crossing; no claim of impossibility is made.
profile,r_cL,LAI,arithmetic COV,-2.5800000000000005,0.07577400402284544,0.08277549747353574,ok,no_resolved_crossing_in_evaluated_domain,False,True,,,,,,False,True,True,Maximum documented search expansion reached without a crossing; no claim of impossibility is made.
profile,r_cL,LAI,arithmetic COV,-2.5700000000000003,0.07653554542391149,0.08277731467606776,ok,no_resolved_crossing_in_evaluated_domain,False,True,,,,,,False,True,True,Maximum documented search expansion reached without a crossing; no claim of impossibility is made.
profile,r_cL,LAI,arithmetic COV,-2.5600000000000005,0.07730474044329971,0.08277916851427991,ok,no_resolved_crossing_in_evaluated_domain,False,True,,,,,,False,True,True,Maximum documented search expansion reached without a crossing; no claim of impossibility is made.
profile,r_cL,LAI,arithmetic COV,-2.56,0.07730474044329974,0.0827791685142799,ok,no_resolved_crossing_in_evaluated_domain,False,False,,,,,,False,True,True,Maximum documented search expansion reached without a crossing; no claim of impossibility is made.
profile,r_cL,LAI,arithmetic COV,-2.55,0.07808166600115317,0.08278105972522803,ok,no_resolved_crossing_in_evaluated_domain,False,True,,,,,,False,True,True,Maximum documented search expansion reached without a crossing; no claim of impossibility is made.
profile,r_cL,LAI,arithmetic COV,-2.54,0.07886639979067495,0.08278298906073346,ok,no_resolved_crossing_in_evaluated_domain,False,True,,,,,,False,True,True,Maximum documented search expansion reached without a crossing; no claim of impossibility is made.
profile,r_cL,LAI,arithmetic COV,-2.5200000000000005,0.0804596067495324,0.08278696518829394,ok,no_resolved_crossing_in_evaluated_domain,False,True,,,,,,False,True,True,Maximum documented search expansion reached without a crossing; no claim of impossibility is made.
profile,r_cL,LAI,arithmetic COV,-2.4800000000000004,0.08374322559219592,0.08279540972701346,ok,no_resolved_crossing_in_evaluated_domain,False,True,,,,,,False,True,True,Maximum documented search expansion reached without a crossing; no claim of impossibility is made.
profile,r_cL,LAI,arithmetic COV,-2.4000000000000004,0.09071795328941247,0.0828144616198293,ok,no_resolved_crossing_in_evaluated_domain,False,False,,,,,,False,True,True,Maximum documented search expansion reached without a crossing; no claim of impossibility is made.
profile,r_cL,LAI,arithmetic COV,-2.24,0.1064585043792528,0.08286302016285593,ok,no_resolved_crossing_in_evaluated_domain,False,False,,,,,,False,True,True,Maximum documented search expansion reached without a crossing; no claim of impossibility is made.
profile,r_cL,LAI,arithmetic COV,-2.08,0.12493021219858241,0.08292980683799286,ok,no_resolved_crossing_in_evaluated_domain,False,False,,,,,,False,True,True,Maximum documented search expansion reached without a crossing; no claim of impossibility is made.
profile,r_cL,LAI,arithmetic COV,-1.9200000000000002,0.14660696213035013,0.0830216198174441,ok,no_resolved_crossing_in_evaluated_domain,False,False,,,,,,False,True,True,Maximum documented search expansion reached without a crossing; no claim of impossibility is made.
profile,r_cL,LAI,arithmetic COV,-1.92,0.14660696213035015,0.0830216198174441,ok,no_resolved_crossing_in_evaluated_domain,False,False,,,,,,False,True,True,Maximum documented search expansion reached without a crossing; no claim of impossibility is made.
profile,r_cL,LAI,arithmetic COV,-1.7600000000000002,0.17204486382305048,0.08314775235531449,ok,no_resolved_crossing_in_evaluated_domain,False,False,,,,,,False,True,True,Maximum documented search expansion reached without a crossing; no claim of impossibility is made.
profile,r_cL,LAI,arithmetic COV,-1.6800000000000004,0.1863739760394099,0.08322748572446914,ok,no_resolved_crossing_in_evaluated_domain,False,True,,,,,,False,True,True,Maximum documented search expansion reached without a crossing; no claim of impossibility is made.
profile,r_cL,LAI,arithmetic COV,-1.6400000000000006,0.1939800422908918,0.08327233649459906,ok,no_resolved_crossing_in_evaluated_domain,False,True,,,,,,False,True,True,Maximum documented search expansion reached without a crossing; no claim of impossibility is made.
profile,r_cL,LAI,arithmetic COV,-1.6200000000000006,0.19789869908361457,0.08329612540399364,ok,no_resolved_crossing_in_evaluated_domain,False,True,,,,,,False,True,True,Maximum documented search expansion reached without a crossing; no claim of impossibility is made.
profile,r_cL,LAI,arithmetic COV,-1.6100000000000005,0.19988761407514438,0.08330837649655426,ok,no_resolved_crossing_in_evaluated_domain,False,True,,,,,,False,True,True,Maximum documented search expansion reached without a crossing; no claim of impossibility is made.
profile,r_cL,LAI,arithmetic COV,-1.6000000000000005,0.2018965179946553,0.0833208715799637,ok,no_resolved_crossing_in_evaluated_domain,False,True,,,,,,False,True,True,Maximum documented search expansion reached without a crossing; no claim of impossibility is made.
profile,r_cL,LAI,arithmetic COV,-1.6000000000000003,0.20189651799465536,0.08332087157996369,ok,no_resolved_crossing_in_evaluated_domain,False,True,,,,,,False,True,True,Maximum documented search expansion reached without a crossing; no claim of impossibility is made.
profile,r_cL,LAI,arithmetic COV,-1.6,0.20189651799465538,0.08332087157996369,ok,no_resolved_crossing_in_evaluated_domain,True,False,,,,,,False,True,True,Maximum documented search expansion reached without a crossing; no claim of impossibility is made.
profile,r_cL,LAI,arithmetic COV,-1.56,0.21013607120076472,0.08337338889927387,ok,no_resolved_crossing_in_evaluated_domain,False,True,,,,,,False,True,True,Maximum documented search expansion reached without a crossing; no claim of impossibility is made.
profile,r_cL,LAI,arithmetic COV,-1.52,0.21871188695221475,0.08343020962026264,ok,no_resolved_crossing_in_evaluated_domain,False,False,,,,,,False,True,True,Maximum documented search expansion reached without a crossing; no claim of impossibility is made.
profile,r_cL,LAI,arithmetic COV,-1.4400000000000002,0.2369277586821217,0.08355817224850365,ok,no_resolved_crossing_in_evaluated_domain,False,False,,,,,,False,True,True,Maximum documented search expansion reached without a crossing; no claim of impossibility is made.
profile,r_cL,LAI,arithmetic COV,-1.36,0.2566607769535559,0.08370785921671704,ok,no_resolved_crossing_in_evaluated_domain,False,False,,,,,,False,True,True,Maximum documented search expansion reached without a crossing; no claim of impossibility is made.
profile,r_cL,LAI,arithmetic COV,-1.3200000000000007,0.26713530196585017,0.0837919495883924,ok,no_resolved_crossing_in_evaluated_domain,False,True,,,,,,False,True,True,Maximum documented search expansion reached without a crossing; no claim of impossibility is made.
profile,r_cL,LAI,arithmetic COV,-1.300000000000001,0.27253179303401237,0.0838365189447523,ok,no_resolved_crossing_in_evaluated_domain,False,True,,,,,,False,True,True,Maximum documented search expansion reached without a crossing; no claim of impossibility is made.
profile,r_cL,LAI,arithmetic COV,-1.2800000000000011,0.2780373004531938,0.08388285795036246,ok,no_resolved_crossing_in_evaluated_domain,False,False,,,,,,False,True,True,Maximum documented search expansion reached without a crossing; no claim of impossibility is made.
profile,r_cL,LAI,arithmetic COV,-1.280000000000001,0.27803730045319386,0.08388285795036246,ok,no_resolved_crossing_in_evaluated_domain,False,True,,,,,,False,True,True,Maximum documented search expansion reached without a crossing; no claim of impossibility is made.
profile,r_cL,LAI,arithmetic COV,-1.2800000000000007,0.2780373004531939,0.08388285795036245,ok,no_resolved_crossing_in_evaluated_domain,False,True,,,,,,False,True,True,Maximum documented search expansion reached without a crossing; no claim of impossibility is made.
profile,r_cL,LAI,arithmetic COV,-1.2800000000000002,0.2780373004531941,0.08388285795036245,ok,no_resolved_crossing_in_evaluated_domain,False,True,,,,,,False,True,True,Maximum documented search expansion reached without a crossing; no claim of impossibility is made.
profile,r_cL,LAI,arithmetic COV,-1.28,0.27803730045319414,0.08388285795036246,ok,no_resolved_crossing_in_evaluated_domain,False,False,,,,,,False,True,True,Maximum documented search expansion reached without a crossing; no claim of impossibility is made.
profile,r_cL,LAI,arithmetic COV,-1.2000000000000002,0.301194211912202,0.08408730912573603,ok,no_resolved_crossing_in_evaluated_domain,False,False,,,,,,False,True,True,Maximum documented search expansion reached without a crossing; no claim of impossibility is made.
profile,r_cL,LAI,arithmetic COV,-1.12,0.32627979462303947,0.0843259765043814,ok,no_resolved_crossing_in_evaluated_domain,False,False,,,,,,False,True,True,Maximum documented search expansion reached without a crossing; no claim of impossibility is made.
profile,r_cL,LAI,arithmetic COV,-1.04,0.35345468195878016,0.08460431921770978,ok,no_resolved_crossing_in_evaluated_domain,False,False,,,,,,False,True,True,Maximum documented search expansion reached without a crossing; no claim of impossibility is made.
profile,r_cL,LAI,arithmetic COV,-0.9600000000000001,0.382892885975112,0.08492856358263727,ok,no_resolved_crossing_in_evaluated_domain,False,False,,,,,,False,True,True,Maximum documented search expansion reached without a crossing; no claim of impossibility is made.
profile,r_cL,LAI,arithmetic COV,-0.96,0.38289288597511206,0.08492856358263727,ok,no_resolved_crossing_in_evaluated_domain,False,False,,,,,,False,True,True,Maximum documented search expansion reached without a crossing; no claim of impossibility is made.
profile,r_cL,LAI,arithmetic COV,-0.8800000000000001,0.4147829116815813,0.08530577006804906,ok,no_resolved_crossing_in_evaluated_domain,False,False,,,,,,False,True,True,Maximum documented search expansion reached without a crossing; no claim of impossibility is made.
profile,r_cL,LAI,arithmetic COV,-0.8000000000000003,0.44932896411722145,0.08574388923905976,ok,no_resolved_crossing_in_evaluated_domain,False,False,,,,,,False,True,True,Maximum documented search expansion reached without a crossing; no claim of impossibility is made.
profile,r_cL,LAI,arithmetic COV,-0.8,0.44932896411722156,0.08574388923905976,ok,no_resolved_crossing_in_evaluated_domain,True,False,,,,,,False,True,True,Maximum documented search expansion reached without a crossing; no claim of impossibility is made.
profile,r_cL,LAI,arithmetic COV,-0.76,0.46766642700990924,0.08598852864951692,ok,no_resolved_crossing_in_evaluated_domain,False,False,,,,,,False,True,True,Maximum documented search expansion reached without a crossing; no claim of impossibility is made.
profile,r_cL,LAI,arithmetic COV,-0.7200000000000001,0.4867522559599716,0.08625179875960941,ok,no_resolved_crossing_in_evaluated_domain,False,False,,,,,,False,True,True,Maximum documented search expansion reached without a crossing; no claim of impossibility is made.
profile,r_cL,LAI,arithmetic COV,-0.68,0.5066169923655895,0.08653495583895589,ok,no_resolved_crossing_in_evaluated_domain,False,False,,,,,,False,True,True,Maximum documented search expansion reached without a crossing; no claim of impossibility is made.
profile,r_cL,LAI,arithmetic COV,-0.6400000000000006,0.5272924240430482,0.08683931386116603,ok,no_resolved_crossing_in_evaluated_domain,False,False,,,,,,False,True,True,Maximum documented search expansion reached without a crossing; no claim of impossibility is made.
profile,r_cL,LAI,arithmetic COV,-0.6400000000000001,0.5272924240430485,0.08683931386116603,ok,no_resolved_crossing_in_evaluated_domain,False,False,,,,,,False,True,True,Maximum documented search expansion reached without a crossing; no claim of impossibility is made.
profile,r_cL,LAI,arithmetic COV,-0.64,0.5272924240430485,0.08683931386116603,ok,no_resolved_crossing_in_evaluated_domain,False,False,,,,,,False,True,True,Maximum documented search expansion reached without a crossing; no claim of impossibility is made.
profile,r_cL,LAI,arithmetic COV,-0.6000000000000001,0.5488116360940264,0.08716624364303723,ok,no_resolved_crossing_in_evaluated_domain,False,False,,,,,,False,True,True,Maximum documented search expansion reached without a crossing; no claim of impossibility is made.
profile,r_cL,LAI,arithmetic COV,-0.56,0.5712090638488149,0.08751717230794731,ok,no_resolved_crossing_in_evaluated_domain,False,False,,,,,,False,True,True,Maximum documented search expansion reached without a crossing; no claim of impossibility is made.
profile,r_cL,LAI,arithmetic COV,-0.52,0.5945205479701944,0.087893583686422,ok,no_resolved_crossing_in_evaluated_domain,False,False,,,,,,False,True,True,Maximum documented search expansion reached without a crossing; no claim of impossibility is made.
profile,r_cL,LAI,arithmetic COV,-0.48000000000000004,0.6187833918061408,0.08829702035357552,ok,no_resolved_crossing_in_evaluated_domain,False,False,,,,,,False,True,True,Maximum documented search expansion reached without a crossing; no claim of impossibility is made.
profile,r_cL,LAI,arithmetic COV,-0.48,0.6187833918061408,0.08829702035357552,ok,no_resolved_crossing_in_evaluated_domain,False,False,,,,,,False,True,True,Maximum documented search expansion reached without a crossing; no claim of impossibility is made.
profile,r_cL,LAI,arithmetic COV,-0.44000000000000006,0.6440364210831413,0.0887290879131457,ok,no_resolved_crossing_in_evaluated_domain,False,False,,,,,,False,True,True,Maximum documented search expansion reached without a crossing; no claim of impossibility is made.
profile,r_cL,LAI,arithmetic COV,-0.40000000000000013,0.6703200460356392,0.08919146180368552,ok,no_resolved_crossing_in_evaluated_domain,False,False,,,,,,False,True,True,Maximum documented search expansion reached without a crossing; no claim of impossibility is made.
profile,r_cL,LAI,arithmetic COV,-0.4,0.6703200460356393,0.08919146180368552,ok,no_resolved_crossing_in_evaluated_domain,True,False,,,,,,False,True,True,Maximum documented search expansion reached without a crossing; no claim of impossibility is made.
profile,r_cL,LAI,arithmetic COV,-0.38,0.6838614092123558,0.08943455848166035,ok,no_resolved_crossing_in_evaluated_domain,False,False,,,,,,False,True,True,Maximum documented search expansion reached without a crossing; no claim of impossibility is made.
profile,r_cL,LAI,arithmetic COV,-0.36000000000000004,0.697676326071031,0.08968589631566781,ok,no_resolved_crossing_in_evaluated_domain,False,False,,,,,,False,True,True,Maximum documented search expansion reached without a crossing; no claim of impossibility is made.
profile,r_cL,LAI,arithmetic COV,-0.34,0.7117703227626097,0.0899457085844271,ok,no_resolved_crossing_in_evaluated_domain,False,False,,,,,,False,True,True,Maximum documented search expansion reached without a crossing; no claim of impossibility is made.
profile,r_cL,LAI,arithmetic COV,-0.3200000000000003,0.7261490370736907,0.09021423474271595,ok,no_resolved_crossing_in_evaluated_domain,False,False,,,,,,False,True,True,Maximum documented search expansion reached without a crossing; no claim of impossibility is made.
profile,r_cL,LAI,arithmetic COV,-0.32000000000000006,0.7261490370736908,0.09021423474271595,ok,no_resolved_crossing_in_evaluated_domain,False,False,,,,,,False,True,True,Maximum documented search expansion reached without a crossing; no claim of impossibility is made.
profile,r_cL,LAI,arithmetic COV,-0.32,0.7261490370736909,0.09021423474271595,ok,no_resolved_crossing_in_evaluated_domain,False,False,,,,,,False,True,True,Maximum documented search expansion reached without a crossing; no claim of impossibility is made.
profile,r_cL,LAI,arithmetic COV,-0.30000000000000004,0.7408182206817179,0.09049172066167385,ok,no_resolved_crossing_in_evaluated_domain,False,False,,,,,,False,True,True,Maximum documented search expansion reached without a crossing; no claim of impossibility is made.
profile,r_cL,LAI,arithmetic COV,-0.28,0.7557837414557255,0.09077841879723224,ok,no_resolved_crossing_in_evaluated_domain,False,False,,,,,,False,True,True,Maximum documented search expansion reached without a crossing; no claim of impossibility is made.
profile,r_cL,LAI,arithmetic COV,-0.26,0.7710515858035663,0.09107458826411285,ok,no_resolved_crossing_in_evaluated_domain,False,False,,,,,,False,True,True,Maximum documented search expansion reached without a crossing; no claim of impossibility is made.
profile,r_cL,LAI,arithmetic COV,-0.24000000000000002,0.7866278610665534,0.09138049479351346,ok,no_resolved_crossing_in_evaluated_domain,False,False,,,,,,False,True,True,Maximum documented search expansion reached without a crossing; no claim of impossibility is made.
profile,r_cL,LAI,arithmetic COV,-0.24,0.7866278610665535,0.09138049479351346,ok,no_resolved_crossing_in_evaluated_domain,False,False,,,,,,False,True,True,Maximum documented search expansion reached without a crossing; no claim of impossibility is made.
profile,r_cL,LAI,arithmetic COV,-0.22000000000000003,0.8025187979624785,0.09169641055426869,ok,no_resolved_crossing_in_evaluated_domain,False,False,,,,,,False,True,True,Maximum documented search expansion reached without a crossing; no claim of impossibility is made.
profile,r_cL,LAI,arithmetic COV,-0.20000000000000007,0.8187307530779818,0.09202261381989031,ok,no_resolved_crossing_in_evaluated_domain,False,False,,,,,,False,True,True,Maximum documented search expansion reached without a crossing; no claim of impossibility is made.
profile,r_cL,LAI,arithmetic COV,-0.2,0.8187307530779818,0.09202261381989031,ok,no_resolved_crossing_in_evaluated_domain,True,False,,,,,,False,True,True,Maximum documented search expansion reached without a crossing; no claim of impossibility is made.
profile,r_cL,LAI,arithmetic COV,-0.19,0.8269591339433623,0.0921896617770242,ok,no_resolved_crossing_in_evaluated_domain,False,False,,,,,,False,True,True,Maximum documented search expansion reached without a crossing; no claim of impossibility is made.
profile,r_cL,LAI,arithmetic COV,-0.18000000000000002,0.835270211411272,0.09235938846734651,ok,no_resolved_crossing_in_evaluated_domain,False,False,,,,,,False,True,True,Maximum documented search expansion reached without a crossing; no claim of impossibility is made.
profile,r_cL,LAI,arithmetic COV,-0.17,0.8436648165963837,0.09253183013955302,ok,no_resolved_crossing_in_evaluated_domain,False,False,,,,,,False,True,True,Maximum documented search expansion reached without a crossing; no claim of impossibility is made.
profile,r_cL,LAI,arithmetic COV,-0.16000000000000014,0.8521437889662112,0.09270702329759128,ok,no_resolved_crossing_in_evaluated_domain,False,False,,,,,,False,True,True,Maximum documented search expansion reached without a crossing; no claim of impossibility is made.
profile,r_cL,LAI,arithmetic COV,-0.16000000000000003,0.8521437889662113,0.09270702329759128,ok,no_resolved_crossing_in_evaluated_domain,False,False,,,,,,False,True,True,Maximum documented search expansion reached without a crossing; no claim of impossibility is made.
profile,r_cL,LAI,arithmetic COV,-0.16,0.8521437889662113,0.09270702329759128,ok,no_resolved_crossing_in_evaluated_domain,False,False,,,,,,False,True,True,Maximum documented search expansion reached without a crossing; no claim of impossibility is made.
profile,r_cL,LAI,arithmetic COV,-0.15000000000000002,0.8607079764250578,0.09288500466935501,ok,no_resolved_crossing_in_evaluated_domain,False,False,,,,,,False,True,True,Maximum documented search expansion reached without a crossing; no claim of impossibility is made.
profile,r_cL,LAI,arithmetic COV,-0.14,0.8693582353988059,0.0930658111725159,ok,no_resolved_crossing_in_evaluated_domain,False,False,,,,,,False,True,True,Maximum documented search expansion reached without a crossing; no claim of impossibility is made.
profile,r_cL,LAI,arithmetic COV,-0.13,0.8780954309205613,0.09324947987754045,ok,no_resolved_crossing_in_evaluated_domain,False,False,,,,,,False,True,True,Maximum documented search expansion reached without a crossing; no claim of impossibility is made.
profile,r_cL,LAI,arithmetic COV,-0.12000000000000001,0.8869204367171575,0.09343604796795704,ok,no_resolved_crossing_in_evaluated_domain,False,False,,,,,,False,True,True,Maximum documented search expansion reached without a crossing; no claim of impossibility is made.
profile,r_cL,LAI,arithmetic COV,-0.12,0.8869204367171575,0.09343604796795704,ok,no_resolved_crossing_in_evaluated_domain,False,False,,,,,,False,True,True,Maximum documented search expansion reached without a crossing; no claim of impossibility is made.
profile,r_cL,LAI,arithmetic COV,-0.11000000000000001,0.8958341352965282,0.093625552697959,ok,no_resolved_crossing_in_evaluated_domain,False,False,,,,,,False,True,True,Maximum documented search expansion reached without a crossing; no claim of impossibility is made.
profile,r_cL,LAI,arithmetic COV,-0.10000000000000003,0.9048374180359595,0.09381803134744618,ok,no_resolved_crossing_in_evaluated_domain,False,False,,,,,,False,True,True,Maximum documented search expansion reached without a crossing; no claim of impossibility is made.
profile,r_cL,LAI,arithmetic COV,-0.1,0.9048374180359595,0.09381803134744618,ok,no_resolved_crossing_in_evaluated_domain,True,False,,,,,,False,True,True,Maximum documented search expansion reached without a crossing; no claim of impossibility is made.
profile,r_cL,LAI,arithmetic COV,-0.095,0.9093729344682314,0.09391539753737782,ok,no_resolved_crossing_in_evaluated_domain,False,False,,,,,,False,True,True,Maximum documented search expansion reached without a crossing; no claim of impossibility is made.
profile,r_cL,LAI,arithmetic COV,-0.09000000000000001,0.9139311852712282,0.09401352117462577,ok,no_resolved_crossing_in_evaluated_domain,False,False,,,,,,False,True,True,Maximum documented search expansion reached without a crossing; no claim of impossibility is made.
profile,r_cL,LAI,arithmetic COV,-0.085,0.9185122844014574,0.0941124069049215,ok,no_resolved_crossing_in_evaluated_domain,False,False,,,,,,False,True,True,Maximum documented search expansion reached without a crossing; no claim of impossibility is made.
profile,r_cL,LAI,arithmetic COV,-0.08000000000000007,0.9231163463866358,0.09421205936630875,ok,no_resolved_crossing_in_evaluated_domain,False,False,,,,,,False,True,True,Maximum documented search expansion reached without a crossing; no claim of impossibility is made.
profile,r_cL,LAI,arithmetic COV,-0.08000000000000002,0.9231163463866358,0.09421205936630875,ok,no_resolved_crossing_in_evaluated_domain,False,False,,,,,,False,True,True,Maximum documented search expansion reached without a crossing; no claim of impossibility is made.
profile,r_cL,LAI,arithmetic COV,-0.08,0.9231163463866358,0.09421205936630875,ok,no_resolved_crossing_in_evaluated_domain,False,False,,,,,,False,True,True,Maximum documented search expansion reached without a crossing; no claim of impossibility is made.
profile,r_cL,LAI,arithmetic COV,-0.07500000000000001,0.9277434863285529,0.09431248318747508,ok,no_resolved_crossing_in_evaluated_domain,False,False,,,,,,False,True,True,Maximum documented search expansion reached without a crossing; no claim of impossibility is made.
profile,r_cL,LAI,arithmetic COV,-0.07,0.9323938199059483,0.0944136829860537,ok,no_resolved_crossing_in_evaluated_domain,False,False,,,,,,False,True,True,Maximum documented search expansion reached without a crossing; no claim of impossibility is made.
profile,r_cL,LAI,arithmetic COV,-0.065,0.9370674633774034,0.09451566336689693,ok,no_resolved_crossing_in_evaluated_domain,False,False,,,,,,False,True,True,Maximum documented search expansion reached without a crossing; no claim of impossibility is made.
profile,r_cL,LAI,arithmetic COV,-0.060000000000000005,0.9417645335842487,0.09461842892032296,ok,no_resolved_crossing_in_evaluated_domain,False,False,,,,,,False,True,True,Maximum documented search expansion reached without a crossing; no claim of impossibility is made.
profile,r_cL,LAI,arithmetic COV,-0.06,0.9417645335842487,0.09461842892032296,ok,no_resolved_crossing_in_evaluated_domain,False,False,,,,,,False,True,True,Maximum documented search expansion reached without a crossing; no claim of impossibility is made.
profile,r_cL,LAI,arithmetic COV,-0.05500000000000001,0.9464851479534838,0.0947219842203371,ok,no_resolved_crossing_in_evaluated_domain,False,False,,,,,,False,True,True,Maximum documented search expansion reached without a crossing; no claim of impossibility is made.
profile,r_cL,LAI,arithmetic COV,-0.05000000000000002,0.951229424500714,0.09482633382282918,ok,no_resolved_crossing_in_evaluated_domain,False,False,,,,,,False,True,True,Maximum documented search expansion reached without a crossing; no claim of impossibility is made.
profile,r_cL,LAI,arithmetic COV,-0.05,0.951229424500714,0.09482633382282918,ok,no_resolved_crossing_in_evaluated_domain,True,False,,,,,,False,True,True,Maximum documented search expansion reached without a crossing; no claim of impossibility is made.
profile,r_cL,LAI,arithmetic COV,-0.0475,0.9536104731326264,0.09487880790581796,ok,no_resolved_crossing_in_evaluated_domain,False,False,,,,,,False,True,True,Maximum documented search expansion reached without a crossing; no claim of impossibility is made.
profile,r_cL,LAI,arithmetic COV,-0.045000000000000005,0.9559974818330998,0.09493148226374884,ok,no_resolved_crossing_in_evaluated_domain,False,False,,,,,,False,True,True,Maximum documented search expansion reached without a crossing; no claim of impossibility is made.
profile,r_cL,LAI,arithmetic COV,-0.0425,0.958390465520947,0.0949843574601971,ok,no_resolved_crossing_in_evaluated_domain,False,False,,,,,,False,True,True,Maximum documented search expansion reached without a crossing; no claim of impossibility is made.
profile,r_cL,LAI,arithmetic COV,-0.040000000000000036,0.9607894391523232,0.09503743405725998,ok,no_resolved_crossing_in_evaluated_domain,False,False,,,,,,False,True,True,Maximum documented search expansion reached without a crossing; no claim of impossibility is made.
profile,r_cL,LAI,arithmetic COV,-0.04000000000000001,0.9607894391523232,0.09503743405725998,ok,no_resolved_crossing_in_evaluated_domain,False,False,,,,,,False,True,True,Maximum documented search expansion reached without a crossing; no claim of impossibility is made.
profile,r_cL,LAI,arithmetic COV,-0.04,0.9607894391523232,0.09503743405725998,ok,no_resolved_crossing_in_evaluated_domain,False,False,,,,,,False,True,True,Maximum documented search expansion reached without a crossing; no claim of impossibility is made.
profile,r_cL,LAI,arithmetic COV,-0.037500000000000006,0.9631944177208218,0.09509071261549805,ok,no_resolved_crossing_in_evaluated_domain,False,False,,,,,,False,True,True,Maximum documented search expansion reached without a crossing; no claim of impossibility is made.
profile,r_cL,LAI,arithmetic COV,-0.035,0.9656054162575665,0.09514419369387622,ok,no_resolved_crossing_in_evaluated_domain,False,False,,,,,,False,True,True,Maximum documented search expansion reached without a crossing; no claim of impossibility is made.
profile,r_cL,LAI,arithmetic COV,-0.0325,0.968022449831306,0.0951978778497046,ok,no_resolved_crossing_in_evaluated_domain,False,False,,,,,,False,True,True,Maximum documented search expansion reached without a crossing; no claim of impossibility is made.
profile,r_cL,LAI,arithmetic COV,-0.030000000000000002,0.9704455335485082,0.09525176563857901,ok,no_resolved_crossing_in_evaluated_domain,False,False,,,,,,False,True,True,Maximum documented search expansion reached without a crossing; no claim of impossibility is made.
profile,r_cL,LAI,arithmetic COV,-0.03,0.9704455335485082,0.09525176563857901,ok,no_resolved_crossing_in_evaluated_domain,False,False,,,,,,False,True,True,Maximum documented search expansion reached without a crossing; no claim of impossibility is made.
profile,r_cL,LAI,arithmetic COV,-0.027500000000000004,0.972874682553454,0.0953058576143214,ok,no_resolved_crossing_in_evaluated_domain,False,False,,,,,,False,True,True,Maximum documented search expansion reached without a crossing; no claim of impossibility is made.
profile,r_cL,LAI,arithmetic COV,-0.02500000000000001,0.9753099120283326,0.0953601543289199,ok,no_resolved_crossing_in_evaluated_domain,False,False,,,,,,False,True,True,Maximum documented search expansion reached without a crossing; no claim of impossibility is made.
profile,r_cL,LAI,arithmetic COV,-0.025,0.9753099120283326,0.0953601543289199,ok,no_resolved_crossing_in_evaluated_domain,False,False,,,,,,False,True,True,Maximum documented search expansion reached without a crossing; no claim of impossibility is made.
profile,r_cL,LAI,arithmetic COV,-0.022500000000000003,0.9777512371933363,0.09541465633246887,ok,no_resolved_crossing_in_evaluated_domain,False,False,,,,,,False,True,True,Maximum documented search expansion reached without a crossing; no claim of impossibility is made.
profile,r_cL,LAI,arithmetic COV,-0.020000000000000018,0.9801986733067553,0.09546936417310872,ok,no_resolved_crossing_in_evaluated_domain,False,False,,,,,,False,True,True,Maximum documented search expansion reached without a crossing; no claim of impossibility is made.
profile,r_cL,LAI,arithmetic COV,-0.020000000000000004,0.9801986733067553,0.09546936417310872,ok,no_resolved_crossing_in_evaluated_domain,False,False,,,,,,False,True,True,Maximum documented search expansion reached without a crossing; no claim of impossibility is made.
profile,r_cL,LAI,arithmetic COV,-0.0175,0.9826522356650732,0.09552427839696526,ok,no_resolved_crossing_in_evaluated_domain,False,False,,,,,,False,True,True,Maximum documented search expansion reached without a crossing; no claim of impossibility is made.
profile,r_cL,LAI,arithmetic COV,-0.015,0.9851119396030626,0.09557939954808953,ok,no_resolved_crossing_in_evaluated_domain,False,False,,,,,,False,True,True,Maximum documented search expansion reached without a crossing; no claim of impossibility is made.
profile,r_cL,LAI,arithmetic COV,-0.012500000000000004,0.9875778004938814,0.09563472816839677,ok,no_resolved_crossing_in_evaluated_domain,False,False,,,,,,False,True,True,Maximum documented search expansion reached without a crossing; no claim of impossibility is made.
profile,r_cL,LAI,arithmetic COV,-0.010000000000000009,0.990049833749168,0.09569026479760578,ok,no_resolved_crossing_in_evaluated_domain,False,False,,,,,,False,True,True,Maximum documented search expansion reached without a crossing; no claim of impossibility is made.
profile,r_cL,LAI,arithmetic COV,-0.010000000000000002,0.9900498337491681,0.09569026479760578,ok,no_resolved_crossing_in_evaluated_domain,False,False,,,,,,False,True,True,Maximum documented search expansion reached without a crossing; no claim of impossibility is made.
profile,r_cL,LAI,arithmetic COV,-0.0075,0.9925280548191384,0.09574600997317816,ok,no_resolved_crossing_in_evaluated_domain,False,False,,,,,,False,True,True,Maximum documented search expansion reached without a crossing; no claim of impossibility is made.
profile,r_cL,LAI,arithmetic COV,-0.0050000000000000044,0.9950124791926823,0.09580196423025679,ok,no_resolved_crossing_in_evaluated_domain,False,False,,,,,,False,True,True,Maximum documented search expansion reached without a crossing; no claim of impossibility is made.
profile,r_cL,LAI,arithmetic COV,-0.0025000000000000022,0.9975031223974601,0.0958581281016053,ok,no_resolved_crossing_in_evaluated_domain,False,False,,,,,,False,True,True,Maximum documented search expansion reached without a crossing; no claim of impossibility is made.
profile,r_cL,LAI,arithmetic COV,0.0,1.0,0.09591450211754649,ok,no_resolved_crossing_in_evaluated_domain,True,False,,,,,,False,True,True,Maximum documented search expansion reached without a crossing; no claim of impossibility is made.
profile,r_cL,LAI,arithmetic COV,0.0024999999999999953,1.0025031276057952,0.0959710868059012,ok,no_resolved_crossing_in_evaluated_domain,False,False,,,,,,False,True,True,Maximum documented search expansion reached without a crossing; no claim of impossibility is made.
profile,r_cL,LAI,arithmetic COV,0.0049999999999999906,1.005012520859401,0.09602788269192716,ok,no_resolved_crossing_in_evaluated_domain,False,False,,,,,,False,True,True,Maximum documented search expansion reached without a crossing; no claim of impossibility is made.
profile,r_cL,LAI,arithmetic COV,0.0049999999999999975,1.005012520859401,0.09602788269192716,ok,no_resolved_crossing_in_evaluated_domain,False,False,,,,,,False,True,True,Maximum documented search expansion reached without a crossing; no claim of impossibility is made.
profile,r_cL,LAI,arithmetic COV,0.0075,1.0075281954445339,0.09608489029825748,ok,no_resolved_crossing_in_evaluated_domain,False,False,,,,,,False,True,True,Maximum documented search expansion reached without a crossing; no claim of impossibility is made.
profile,r_cL,LAI,arithmetic COV,0.009999999999999981,1.010050167084168,0.09614211014483943,ok,no_resolved_crossing_in_evaluated_domain,False,False,,,,,,False,True,True,Maximum documented search expansion reached without a crossing; no claim of impossibility is made.
profile,r_cL,LAI,arithmetic COV,0.009999999999999995,1.010050167084168,0.09614211014483943,ok,no_resolved_crossing_in_evaluated_domain,False,False,,,,,,False,True,True,Maximum documented search expansion reached without a crossing; no claim of impossibility is made.
profile,r_cL,LAI,arithmetic COV,0.012499999999999997,1.0125784515406344,0.09619954274887303,ok,no_resolved_crossing_in_evaluated_domain,False,False,,,,,,False,True,True,Maximum documented search expansion reached without a crossing; no claim of impossibility is made.
profile,r_cL,LAI,arithmetic COV,0.015,1.015113064615719,0.09625718862474975,ok,no_resolved_crossing_in_evaluated_domain,False,False,,,,,,False,True,True,Maximum documented search expansion reached without a crossing; no claim of impossibility is made.
profile,r_cL,LAI,arithmetic COV,0.0175,1.0176540221507617,0.09631504828399129,ok,no_resolved_crossing_in_evaluated_domain,False,False,,,,,,False,True,True,Maximum documented search expansion reached without a crossing; no claim of impossibility is made.
profile,r_cL,LAI,arithmetic COV,0.019999999999999962,1.0202013400267558,0.0963731222351881,ok,no_resolved_crossing_in_evaluated_domain,False,False,,,,,,False,True,True,Maximum documented search expansion reached without a crossing; no claim of impossibility is made.
profile,r_cL,LAI,arithmetic COV,0.01999999999999999,1.0202013400267558,0.0963731222351881,ok,no_resolved_crossing_in_evaluated_domain,False,False,,,,,,False,True,True,Maximum documented search expansion reached without a crossing; no claim of impossibility is made.
profile,r_cL,LAI,arithmetic COV,0.020000000000000004,1.0202013400267558,0.0963731222351881,ok,no_resolved_crossing_in_evaluated_domain,False,False,,,,,,False,True,True,Maximum documented search expansion reached without a crossing; no claim of impossibility is made.
profile,r_cL,LAI,arithmetic COV,0.022499999999999992,1.022755034164446,0.09643141098393834,ok,no_resolved_crossing_in_evaluated_domain,False,False,,,,,,False,True,True,Maximum documented search expansion reached without a crossing; no claim of impossibility is made.
profile,r_cL,LAI,arithmetic COV,0.024999999999999994,1.0253151205244289,0.09648991503278662,ok,no_resolved_crossing_in_evaluated_domain,False,False,,,,,,False,True,True,Maximum documented search expansion reached without a crossing; no claim of impossibility is made.
profile,r_cL,LAI,arithmetic COV,0.027499999999999997,1.0278816151072527,0.096548634881163,ok,no_resolved_crossing_in_evaluated_domain,False,False,,,,,,False,True,True,Maximum documented search expansion reached without a crossing; no claim of impossibility is made.
profile,r_cL,LAI,arithmetic COV,0.03,1.030454533953517,0.09660757102532178,ok,no_resolved_crossing_in_evaluated_domain,False,False,,,,,,False,True,True,Maximum documented search expansion reached without a crossing; no claim of impossibility is made.
profile,r_cL,LAI,arithmetic COV,0.0325,1.0330338931439726,0.09666672395828091,ok,no_resolved_crossing_in_evaluated_domain,False,False,,,,,,False,True,True,Maximum documented search expansion reached without a crossing; no claim of impossibility is made.
profile,r_cL,LAI,arithmetic COV,0.035,1.0356197087996233,0.09672609416976091,ok,no_resolved_crossing_in_evaluated_domain,False,False,,,,,,False,True,True,Maximum documented search expansion reached without a crossing; no claim of impossibility is made.
profile,r_cL,LAI,arithmetic COV,0.037500000000000006,1.038211997081825,0.0967856821461244,ok,no_resolved_crossing_in_evaluated_domain,False,False,,,,,,False,True,True,Maximum documented search expansion reached without a crossing; no claim of impossibility is made.
profile,r_cL,LAI,arithmetic COV,0.039999999999999925,1.0408107741923882,0.09684548837031545,ok,no_resolved_crossing_in_evaluated_domain,False,False,,,,,,False,True,True,Maximum documented search expansion reached without a crossing; no claim of impossibility is made.
profile,r_cL,LAI,arithmetic COV,0.03999999999999998,1.0408107741923882,0.09684548837031545,ok,no_resolved_crossing_in_evaluated_domain,False,False,,,,,,False,True,True,Maximum documented search expansion reached without a crossing; no claim of impossibility is made.
profile,r_cL,LAI,arithmetic COV,0.039999999999999994,1.0408107741923882,0.09684548837031545,ok,no_resolved_crossing_in_evaluated_domain,False,False,,,,,,False,True,True,Maximum documented search expansion reached without a crossing; no claim of impossibility is made.
profile,r_cL,LAI,arithmetic COV,0.04000000000000001,1.0408107741923882,0.09684548837031545,ok,no_resolved_crossing_in_evaluated_domain,False,False,,,,,,False,True,True,Maximum documented search expansion reached without a crossing; no claim of impossibility is made.
profile,r_cL,LAI,arithmetic COV,0.042499999999999996,1.043416056373678,0.09690551332179925,ok,no_resolved_crossing_in_evaluated_domain,False,False,,,,,,False,True,True,Maximum documented search expansion reached without a crossing; no claim of impossibility is made.
profile,r_cL,LAI,arithmetic COV,0.044999999999999984,1.046027859908717,0.09696575747650202,ok,no_resolved_crossing_in_evaluated_domain,False,False,,,,,,False,True,True,Maximum documented search expansion reached without a crossing; no claim of impossibility is made.
profile,r_cL,LAI,arithmetic COV,0.045,1.046027859908717,0.09696575747650202,ok,no_resolved_crossing_in_evaluated_domain,False,False,,,,,,False,True,True,Maximum documented search expansion reached without a crossing; no claim of impossibility is made.
profile,r_cL,LAI,arithmetic COV,0.0475,1.0486462011212851,0.09702622130675075,ok,no_resolved_crossing_in_evaluated_domain,False,False,,,,,,False,True,True,Maximum documented search expansion reached without a crossing; no claim of impossibility is made.
profile,r_cL,LAI,arithmetic COV,0.04999999999999999,1.0512710963760241,0.09708690528121355,ok,no_resolved_crossing_in_evaluated_domain,False,False,,,,,,False,True,True,Maximum documented search expansion reached without a crossing; no claim of impossibility is made.
profile,r_cL,LAI,arithmetic COV,0.05,1.0512710963760241,0.09708690528121355,ok,no_resolved_crossing_in_evaluated_domain,True,False,,,,,,False,True,True,Maximum documented search expansion reached without a crossing; no claim of impossibility is made.
profile,r_cL,LAI,arithmetic COV,0.05499999999999999,1.0565406146754943,0.09720893551880139,ok,no_resolved_crossing_in_evaluated_domain,False,False,,,,,,False,True,True,Maximum documented search expansion reached without a crossing; no claim of impossibility is made.
profile,r_cL,LAI,arithmetic COV,0.06,1.0618365465453596,0.09733185186317062,ok,no_resolved_crossing_in_evaluated_domain,False,False,,,,,,False,True,True,Maximum documented search expansion reached without a crossing; no claim of impossibility is made.
profile,r_cL,LAI,arithmetic COV,0.065,1.0671590243841926,0.0974556579258895,ok,no_resolved_crossing_in_evaluated_domain,False,False,,,,,,False,True,True,Maximum documented search expansion reached without a crossing; no claim of impossibility is made.
profile,r_cL,LAI,arithmetic COV,0.07,1.0725081812542165,0.09758035725431516,ok,no_resolved_crossing_in_evaluated_domain,False,False,,,,,,False,True,True,Maximum documented search expansion reached without a crossing; no claim of impossibility is made.
profile,r_cL,LAI,arithmetic COV,0.07500000000000001,1.0778841508846315,0.09770595332973667,ok,no_resolved_crossing_in_evaluated_domain,False,False,,,,,,False,True,True,Maximum documented search expansion reached without a crossing; no claim of impossibility is made.
profile,r_cL,LAI,arithmetic COV,0.07999999999999985,1.0832870676749584,0.09783244956553701,ok,no_resolved_crossing_in_evaluated_domain,False,False,,,,,,False,True,True,Maximum documented search expansion reached without a crossing; no claim of impossibility is made.
profile,r_cL,LAI,arithmetic COV,0.07999999999999996,1.0832870676749584,0.09783244956553701,ok,no_resolved_crossing_in_evaluated_domain,False,False,,,,,,False,True,True,Maximum documented search expansion reached without a crossing; no claim of impossibility is made.
profile,r_cL,LAI,arithmetic COV,0.07999999999999999,1.0832870676749586,0.09783244956553702,ok,no_resolved_crossing_in_evaluated_domain,False,False,,,,,,False,True,True,Maximum documented search expansion reached without a crossing; no claim of impossibility is made.
profile,r_cL,LAI,arithmetic COV,0.08000000000000002,1.0832870676749586,0.09783244956553702,ok,no_resolved_crossing_in_evaluated_domain,False,False,,,,,,False,True,True,Maximum documented search expansion reached without a crossing; no claim of impossibility is made.
profile,r_cL,LAI,arithmetic COV,0.08499999999999999,1.0887170666983987,0.09795984930537555,ok,no_resolved_crossing_in_evaluated_domain,False,False,,,,,,False,True,True,Maximum documented search expansion reached without a crossing; no claim of impossibility is made.
profile,r_cL,LAI,arithmetic COV,0.08999999999999997,1.0941742837052104,0.09808815582139191,ok,no_resolved_crossing_in_evaluated_domain,False,False,,,,,,False,True,True,Maximum documented search expansion reached without a crossing; no claim of impossibility is made.
profile,r_cL,LAI,arithmetic COV,0.09,1.0941742837052104,0.09808815582139191,ok,no_resolved_crossing_in_evaluated_domain,False,False,,,,,,False,True,True,Maximum documented search expansion reached without a crossing; no claim of impossibility is made.
profile,r_cL,LAI,arithmetic COV,0.095,1.0996588551261028,0.0982173723124336,ok,no_resolved_crossing_in_evaluated_domain,False,False,,,,,,False,True,True,Maximum documented search expansion reached without a crossing; no claim of impossibility is made.
profile,r_cL,LAI,arithmetic COV,0.09999999999999998,1.1051709180756475,0.09834750190230739,ok,no_resolved_crossing_in_evaluated_domain,False,False,,,,,,False,True,True,Maximum documented search expansion reached without a crossing; no claim of impossibility is made.
profile,r_cL,LAI,arithmetic COV,0.1,1.1051709180756477,0.09834750190230739,ok,no_resolved_crossing_in_evaluated_domain,True,False,,,,,,False,True,True,Maximum documented search expansion reached without a crossing; no claim of impossibility is made.
profile,r_cL,LAI,arithmetic COV,0.10999999999999999,1.1162780704588713,0.0986105124882666,ok,no_resolved_crossing_in_evaluated_domain,False,False,,,,,,False,True,True,Maximum documented search expansion reached without a crossing; no claim of impossibility is made.
profile,r_cL,LAI,arithmetic COV,0.12,1.1274968515793757,0.09887721100413588,ok,no_resolved_crossing_in_evaluated_domain,False,False,,,,,,False,True,True,Maximum documented search expansion reached without a crossing; no claim of impossibility is made.
profile,r_cL,LAI,arithmetic COV,0.13,1.1388283833246218,0.09914761956679223,ok,no_resolved_crossing_in_evaluated_domain,False,False,,,,,,False,True,True,Maximum documented search expansion reached without a crossing; no claim of impossibility is made.
profile,r_cL,LAI,arithmetic COV,0.14,1.1502737988572274,0.09942175893419648,ok,no_resolved_crossing_in_evaluated_domain,False,False,,,,,,False,True,True,Maximum documented search expansion reached without a crossing; no claim of impossibility is made.
profile,r_cL,LAI,arithmetic COV,0.15000000000000002,1.161834242728283,0.09969964845654603,ok,no_resolved_crossing_in_evaluated_domain,False,False,,,,,,False,True,True,Maximum documented search expansion reached without a crossing; no claim of impossibility is made.
profile,r_cL,LAI,arithmetic COV,0.1599999999999997,1.1735108709918098,0.09998130602963103,ok,no_resolved_crossing_in_evaluated_domain,False,False,,,,,,False,True,True,Maximum documented search expansion reached without a crossing; no claim of impossibility is made.
profile,r_cL,LAI,arithmetic COV,0.15999999999999992,1.17351087099181,0.09998130602963104,ok,no_resolved_crossing_in_evaluated_domain,False,False,,,,,,False,True,True,Maximum documented search expansion reached without a crossing; no claim of impossibility is made.
profile,r_cL,LAI,arithmetic COV,0.15999999999999998,1.1735108709918103,0.09998130602963104,ok,no_resolved_crossing_in_evaluated_domain,False,False,,,,,,False,True,True,Maximum documented search expansion reached without a crossing; no claim of impossibility is made.
profile,r_cL,LAI,arithmetic COV,0.16000000000000003,1.1735108709918103,0.09998130602963104,ok,no_resolved_crossing_in_evaluated_domain,False,False,,,,,,False,True,True,Maximum documented search expansion reached without a crossing; no claim of impossibility is made.
profile,r_cL,LAI,arithmetic COV,0.16999999999999998,1.1853048513203654,0.10026674805050567,ok,no_resolved_crossing_in_evaluated_domain,False,False,,,,,,False,True,True,Maximum documented search expansion reached without a crossing; no claim of impossibility is made.
profile,r_cL,LAI,arithmetic COV,0.17999999999999994,1.1972173631218102,0.1005559893755747,ok,no_resolved_crossing_in_evaluated_domain,False,False,,,,,,False,True,True,Maximum documented search expansion reached without a crossing; no claim of impossibility is made.
profile,r_cL,LAI,arithmetic COV,0.18,1.1972173631218102,0.1005559893755747,ok,no_resolved_crossing_in_evaluated_domain,False,False,,,,,,False,True,True,Maximum documented search expansion reached without a crossing; no claim of impossibility is made.
profile,r_cL,LAI,arithmetic COV,0.19,1.2092495976572515,0.10084904328118484,ok,no_resolved_crossing_in_evaluated_domain,False,False,,,,,,False,True,True,Maximum documented search expansion reached without a crossing; no claim of impossibility is made.
profile,r_cL,LAI,arithmetic COV,0.19999999999999996,1.2214027581601699,0.10114592142679846,ok,no_resolved_crossing_in_evaluated_domain,False,False,,,,,,False,True,True,Maximum documented search expansion reached without a crossing; no claim of impossibility is made.
profile,r_cL,LAI,arithmetic COV,0.2,1.2214027581601699,0.10114592142679846,ok,no_resolved_crossing_in_evaluated_domain,True,False,,,,,,False,True,True,Maximum documented search expansion reached without a crossing; no claim of impossibility is made.
profile,r_cL,LAI,arithmetic COV,0.21999999999999997,1.2460767305873808,0.10175118878910278,ok,no_resolved_crossing_in_evaluated_domain,False,False,,,,,,False,True,True,Maximum documented search expansion reached without a crossing; no claim of impossibility is made.
profile,r_cL,LAI,arithmetic COV,0.24,1.2712491503214047,0.10237185116971474,ok,no_resolved_crossing_in_evaluated_domain,False,False,,,,,,False,True,True,Maximum documented search expansion reached without a crossing; no claim of impossibility is made.
profile,r_cL,LAI,arithmetic COV,0.26,1.2969300866657718,0.10300794050315606,ok,no_resolved_crossing_in_evaluated_domain,False,False,,,,,,False,True,True,Maximum documented search expansion reached without a crossing; no claim of impossibility is made.
profile,r_cL,LAI,arithmetic COV,0.28,1.3231298123374369,0.10365946025641432,ok,no_resolved_crossing_in_evaluated_domain,False,False,,,,,,False,True,True,Maximum documented search expansion reached without a crossing; no claim of impossibility is made.
profile,r_cL,LAI,arithmetic COV,0.30000000000000004,1.3498588075760032,0.10432638491481039,ok,no_resolved_crossing_in_evaluated_domain,False,False,,,,,,False,True,True,Maximum documented search expansion reached without a crossing; no claim of impossibility is made.
profile,r_cL,LAI,arithmetic COV,0.3199999999999994,1.3771277643359563,0.10500865964773781,ok,no_resolved_crossing_in_evaluated_domain,False,False,,,,,,False,True,True,Maximum documented search expansion reached without a crossing; no claim of impossibility is made.
profile,r_cL,LAI,arithmetic COV,0.31999999999999984,1.377127764335957,0.10500865964773784,ok,no_resolved_crossing_in_evaluated_domain,False,False,,,,,,False,True,True,Maximum documented search expansion reached without a crossing; no claim of impossibility is made.
profile,r_cL,LAI,arithmetic COV,0.31999999999999995,1.377127764335957,0.10500865964773784,ok,no_resolved_crossing_in_evaluated_domain,False,False,,,,,,False,True,True,Maximum documented search expansion reached without a crossing; no claim of impossibility is made.
profile,r_cL,LAI,arithmetic COV,0.32000000000000006,1.3771277643359572,0.10500865964773784,ok,no_resolved_crossing_in_evaluated_domain,False,False,,,,,,False,True,True,Maximum documented search expansion reached without a crossing; no claim of impossibility is made.
profile,r_cL,LAI,arithmetic COV,0.33999999999999997,1.4049475905635938,0.10570620015147333,ok,no_resolved_crossing_in_evaluated_domain,False,False,,,,,,False,True,True,Maximum documented search expansion reached without a crossing; no claim of impossibility is made.
profile,r_cL,LAI,arithmetic COV,0.3599999999999999,1.4333294145603401,0.10641889266453085,ok,no_resolved_crossing_in_evaluated_domain,False,False,,,,,,False,True,True,Maximum documented search expansion reached without a crossing; no claim of impossibility is made.
profile,r_cL,LAI,arithmetic COV,0.36,1.4333294145603401,0.10641889266453085,ok,no_resolved_crossing_in_evaluated_domain,False,False,,,,,,False,True,True,Maximum documented search expansion reached without a crossing; no claim of impossibility is made.
profile,r_cL,LAI,arithmetic COV,0.38,1.4622845894342245,0.1071465941495496,ok,no_resolved_crossing_in_evaluated_domain,False,False,,,,,,False,True,True,Maximum documented search expansion reached without a crossing; no claim of impossibility is made.
profile,r_cL,LAI,arithmetic COV,0.3999999999999999,1.4918246976412701,0.10788913263446316,ok,no_resolved_crossing_in_evaluated_domain,False,False,,,,,,False,True,True,Maximum documented search expansion reached without a crossing; no claim of impossibility is made.
profile,r_cL,LAI,arithmetic COV,0.4,1.4918246976412703,0.10788913263446316,ok,no_resolved_crossing_in_evaluated_domain,True,False,,,,,,False,True,True,Maximum documented search expansion reached without a crossing; no claim of impossibility is made.
profile,r_cL,LAI,arithmetic COV,0.43999999999999995,1.552707218511336,0.10941789113718003,ok,no_resolved_crossing_in_evaluated_domain,False,False,,,,,,False,True,True,Maximum documented search expansion reached without a crossing; no claim of impossibility is made.
profile,r_cL,LAI,arithmetic COV,0.48,1.6160744021928934,0.11100323587488692,ok,no_resolved_crossing_in_evaluated_domain,False,False,,,,,,False,True,True,Maximum documented search expansion reached without a crossing; no claim of impossibility is made.
profile,r_cL,LAI,arithmetic COV,0.52,1.6820276496988864,0.1126428169828507,ok,no_resolved_crossing_in_evaluated_domain,False,False,,,,,,False,True,True,Maximum documented search expansion reached without a crossing; no claim of impossibility is made.
profile,r_cL,LAI,arithmetic COV,0.56,1.7506725002961012,0.11433390047231269,ok,no_resolved_crossing_in_evaluated_domain,False,False,,,,,,False,True,True,Maximum documented search expansion reached without a crossing; no claim of impossibility is made.
profile,r_cL,LAI,arithmetic COV,0.6000000000000001,1.822118800390509,0.11607340744709958,ok,no_resolved_crossing_in_evaluated_domain,False,False,,,,,,False,True,True,Maximum documented search expansion reached without a crossing; no claim of impossibility is made.
profile,r_cL,LAI,arithmetic COV,0.6399999999999988,1.896480879304949,0.11785795773669669,ok,no_resolved_crossing_in_evaluated_domain,False,False,,,,,,False,True,True,Maximum documented search expansion reached without a crossing; no claim of impossibility is made.
profile,r_cL,LAI,arithmetic COV,0.6399999999999997,1.8964808793049508,0.11785795773669674,ok,no_resolved_crossing_in_evaluated_domain,False,False,,,,,,False,True,True,Maximum documented search expansion reached without a crossing; no claim of impossibility is made.
profile,r_cL,LAI,arithmetic COV,0.6399999999999999,1.8964808793049512,0.11785795773669676,ok,no_resolved_crossing_in_evaluated_domain,False,False,,,,,,False,True,True,Maximum documented search expansion reached without a crossing; no claim of impossibility is made.
profile,r_cL,LAI,arithmetic COV,0.6400000000000001,1.8964808793049517,0.11785795773669676,ok,no_resolved_crossing_in_evaluated_domain,False,False,,,,,,False,True,True,Maximum documented search expansion reached without a crossing; no claim of impossibility is made.
profile,r_cL,LAI,arithmetic COV,0.6799999999999999,1.9738777322304475,0.11968391662802404,ok,no_resolved_crossing_in_evaluated_domain,False,False,,,,,,False,True,True,Maximum documented search expansion reached without a crossing; no claim of impossibility is made.
profile,r_cL,LAI,arithmetic COV,0.6999999999999998,2.013752707470476,0.12061123078625574,ok,no_resolved_crossing_in_evaluated_domain,False,True,,,,,,False,True,True,Maximum documented search expansion reached without a crossing; no claim of impossibility is made.
profile,r_cL,LAI,arithmetic COV,0.7099999999999997,2.03399125864675,0.12107825613882442,ok,no_resolved_crossing_in_evaluated_domain,False,True,,,,,,False,True,True,Maximum documented search expansion reached without a crossing; no claim of impossibility is made.
profile,r_cL,LAI,arithmetic COV,0.7149999999999997,2.044186682258556,0.12131258349148544,ok,no_resolved_crossing_in_evaluated_domain,False,True,,,,,,False,True,True,Maximum documented search expansion reached without a crossing; no claim of impossibility is made.
profile,r_cL,LAI,arithmetic COV,0.7174999999999998,2.0493035423743167,0.12142994738757812,ok,no_resolved_crossing_in_evaluated_domain,False,True,,,,,,False,True,True,Maximum documented search expansion reached without a crossing; no claim of impossibility is made.
profile,r_cL,LAI,arithmetic COV,0.7187499999999998,2.0518667734879763,0.12148867895793375,ok,no_resolved_crossing_in_evaluated_domain,False,True,,,,,,False,True,True,Maximum documented search expansion reached without a crossing; no claim of impossibility is made.
profile,r_cL,LAI,arithmetic COV,0.7193749999999998,2.0531495910601394,0.12151805709452208,ok,no_resolved_crossing_in_evaluated_domain,False,True,,,,,,False,True,True,Maximum documented search expansion reached without a crossing; no claim of impossibility is made.
profile,r_cL,LAI,arithmetic COV,0.7196874999999998,2.0537913005692343,0.12153274924389268,ok,no_resolved_crossing_in_evaluated_domain,False,True,,,,,,False,True,True,Maximum documented search expansion reached without a crossing; no claim of impossibility is made.
profile,r_cL,LAI,arithmetic COV,0.7198437499999998,2.0541122305319486,0.12154009608799972,ok,no_resolved_crossing_in_evaluated_domain,False,True,,,,,,False,True,True,Maximum documented search expansion reached without a crossing; no claim of impossibility is made.
profile,r_cL,LAI,arithmetic COV,0.7199999999999998,2.054433210643887,0.1215474434447317,ok,no_resolved_crossing_in_evaluated_domain,False,True,,,,,,False,True,True,Maximum documented search expansion reached without a crossing; no claim of impossibility is made.
profile,r_cL,LAI,arithmetic COV,0.7199999999999999,2.0544332106438876,0.12154744344473169,ok,no_resolved_crossing_in_evaluated_domain,False,True,,,,,,False,True,True,Maximum documented search expansion reached without a crossing; no claim of impossibility is made.
profile,r_cL,LAI,arithmetic COV,0.72,2.0544332106438876,0.12154744344473169,ok,no_resolved_crossing_in_evaluated_domain,False,False,,,,,,False,True,True,Maximum documented search expansion reached without a crossing; no claim of impossibility is made.
profile,r_cL,LAI,arithmetic COV,0.74,2.0959355144943643,0.12249205042215337,ok,no_resolved_crossing_in_evaluated_domain,False,True,,,,,,False,True,True,Maximum documented search expansion reached without a crossing; no claim of impossibility is made.
profile,r_cL,LAI,arithmetic COV,0.76,2.1382762204968184,0.12344454080892793,ok,no_resolved_crossing_in_evaluated_domain,False,False,,,,,,False,True,True,Maximum documented search expansion reached without a crossing; no claim of impossibility is made.
profile,r_cL,LAI,arithmetic COV,0.7999999999999998,2.2255409284924674,0.1253711035207443,ok,no_resolved_crossing_in_evaluated_domain,False,False,,,,,,False,True,True,Maximum documented search expansion reached without a crossing; no claim of impossibility is made.
profile,r_cL,LAI,arithmetic COV,0.8,2.225540928492468,0.1253711035207443,ok,no_resolved_crossing_in_evaluated_domain,True,False,,,,,,False,True,True,Maximum documented search expansion reached without a crossing; no claim of impossibility is made.
profile,r_cL,LAI,arithmetic COV,0.8799999999999999,2.4108997064172097,0.12929594817376105,ok,no_resolved_crossing_in_evaluated_domain,False,False,,,,,,False,True,True,Maximum documented search expansion reached without a crossing; no claim of impossibility is made.
profile,r_cL,LAI,arithmetic COV,0.96,2.611696473423118,0.1332887262796573,ok,no_resolved_crossing_in_evaluated_domain,False,False,,,,,,False,True,True,Maximum documented search expansion reached without a crossing; no claim of impossibility is made.
profile,r_cL,LAI,arithmetic COV,1.04,2.82921701435156,0.13731722179430084,ok,no_resolved_crossing_in_evaluated_domain,False,False,,,,,,False,True,True,Maximum documented search expansion reached without a crossing; no claim of impossibility is made.
profile,r_cL,LAI,arithmetic COV,1.12,3.0648542032930024,0.14135130650374966,ok,no_resolved_crossing_in_evaluated_domain,False,False,,,,,,False,True,True,Maximum documented search expansion reached without a crossing; no claim of impossibility is made.
profile,r_cL,LAI,arithmetic COV,1.2000000000000002,3.320116922736548,0.1453637160538229,ok,no_resolved_crossing_in_evaluated_domain,False,False,,,,,,False,True,True,Maximum documented search expansion reached without a crossing; no claim of impossibility is made.
profile,r_cL,LAI,arithmetic COV,1.2799999999999994,3.596639725569279,0.14933054631925327,ok,no_resolved_crossing_in_evaluated_domain,False,False,,,,,,False,True,True,Maximum documented search expansion reached without a crossing; no claim of impossibility is made.
profile,r_cL,LAI,arithmetic COV,1.2799999999999998,3.596639725569281,0.1493305463192533,ok,no_resolved_crossing_in_evaluated_domain,False,False,,,,,,False,True,True,Maximum documented search expansion reached without a crossing; no claim of impossibility is made.
profile,r_cL,LAI,arithmetic COV,1.2800000000000002,3.5966397255692826,0.14933054631925333,ok,no_resolved_crossing_in_evaluated_domain,False,False,,,,,,False,True,True,Maximum documented search expansion reached without a crossing; no claim of impossibility is made.
profile,r_cL,LAI,arithmetic COV,1.3599999999999999,3.896193301795214,0.15323149204964903,ok,no_resolved_crossing_in_evaluated_domain,False,False,,,,,,False,True,True,Maximum documented search expansion reached without a crossing; no claim of impossibility is made.
profile,r_cL,LAI,arithmetic COV,1.4399999999999995,4.2206958169965505,0.15704986721577033,ok,no_resolved_crossing_in_evaluated_domain,False,False,,,,,,False,True,True,Maximum documented search expansion reached without a crossing; no claim of impossibility is made.
profile,r_cL,LAI,arithmetic COV,1.44,4.220695816996552,0.15704986721577036,ok,no_resolved_crossing_in_evaluated_domain,False,False,,,,,,False,True,True,Maximum documented search expansion reached without a crossing; no claim of impossibility is made.
profile,r_cL,LAI,arithmetic COV,1.52,4.572225195142159,0.1607724557178387,ok,no_resolved_crossing_in_evaluated_domain,False,False,,,,,,False,True,True,Maximum documented search expansion reached without a crossing; no claim of impossibility is made.
profile,r_cL,LAI,arithmetic COV,1.5999999999999996,4.953032424395113,0.16438924278206918,ok,no_resolved_crossing_in_evaluated_domain,False,False,,,,,,False,True,True,Maximum documented search expansion reached without a crossing; no claim of impossibility is made.
profile,r_cL,LAI,arithmetic COV,1.6,4.953032424395115,0.16438924278206918,ok,no_resolved_crossing_in_evaluated_domain,True,False,,,,,,False,True,True,Maximum documented search expansion reached without a crossing; no claim of impossibility is made.
profile,r_cL,LAI,arithmetic COV,1.7599999999999998,5.812437394402587,0.17127927572654755,ok,no_resolved_crossing_in_evaluated_domain,False,False,,,,,,False,True,True,Maximum documented search expansion reached without a crossing; no claim of impossibility is made.
profile,r_cL,LAI,arithmetic COV,1.92,6.8209584692907494,0.17769026082449513,ok,no_resolved_crossing_in_evaluated_domain,False,False,,,,,,False,True,True,Maximum documented search expansion reached without a crossing; no claim of impossibility is made.
profile,r_cL,LAI,arithmetic COV,2.08,8.004468914296353,0.1836205439934816,ok,no_resolved_crossing_in_evaluated_domain,False,False,,,,,,False,True,True,Maximum documented search expansion reached without a crossing; no claim of impossibility is made.
profile,r_cL,LAI,arithmetic COV,2.24,9.393331287442784,0.1890864938618343,ok,no_resolved_crossing_in_evaluated_domain,False,False,,,,,,False,True,True,Maximum documented search expansion reached without a crossing; no claim of impossibility is made.
profile,r_cL,LAI,arithmetic COV,2.4000000000000004,11.023176380641605,0.19411486115865373,ok,no_resolved_crossing_in_evaluated_domain,False,False,,,,,,False,True,True,Maximum documented search expansion reached without a crossing; no claim of impossibility is made.
profile,r_cL,LAI,arithmetic COV,2.5599999999999987,12.93581731554306,0.1987374363141543,ok,no_resolved_crossing_in_evaluated_domain,False,False,,,,,,False,True,True,Maximum documented search expansion reached without a crossing; no claim of impossibility is made.
profile,r_cL,LAI,arithmetic COV,2.5599999999999996,12.935817315543071,0.1987374363141543,ok,no_resolved_crossing_in_evaluated_domain,False,False,,,,,,False,True,True,Maximum documented search expansion reached without a crossing; no claim of impossibility is made.
profile,r_cL,LAI,arithmetic COV,2.5600000000000005,12.935817315543083,0.19873743631415433,ok,no_resolved_crossing_in_evaluated_domain,False,False,,,,,,False,True,True,Maximum documented search expansion reached without a crossing; no claim of impossibility is made.
profile,r_cL,LAI,arithmetic COV,2.7199999999999998,15.180322244953892,0.20298756606768759,ok,no_resolved_crossing_in_evaluated_domain,False,False,,,,,,False,True,True,Maximum documented search expansion reached without a crossing; no claim of impossibility is made.
profile,r_cL,LAI,arithmetic COV,2.879999999999999,17.81427317961218,0.20689803138360663,ok,no_resolved_crossing_in_evaluated_domain,False,False,,,,,,False,True,True,Maximum documented search expansion reached without a crossing; no claim of impossibility is made.
profile,r_cL,LAI,arithmetic COV,2.88,17.814273179612197,0.20689803138360663,ok,no_resolved_crossing_in_evaluated_domain,False,False,,,,,,False,True,True,Maximum documented search expansion reached without a crossing; no claim of impossibility is made.
profile,r_cL,LAI,arithmetic COV,3.04,20.905243235092758,0.21049985716921768,ok,no_resolved_crossing_in_evaluated_domain,False,False,,,,,,False,True,True,Maximum documented search expansion reached without a crossing; no claim of impossibility is made.
profile,r_cL,LAI,arithmetic COV,3.1999999999999993,24.53253019710933,0.21382172719200615,ok,no_resolved_crossing_in_evaluated_domain,False,False,,,,,,False,True,True,Maximum documented search expansion reached without a crossing; no claim of impossibility is made.
profile,r_cL,LAI,arithmetic COV,3.2,24.532530197109352,0.21382172719200615,ok,no_resolved_crossing_in_evaluated_domain,True,False,,,,,,False,True,True,Maximum documented search expansion reached without a crossing; no claim of impossibility is made.
profile,r_cL,LAI,arithmetic COV,3.5199999999999996,33.78442846384954,0.21972758808844978,ok,no_resolved_crossing_in_evaluated_domain,False,False,,,,,,False,True,True,Maximum documented search expansion reached without a crossing; no claim of impossibility is made.
profile,r_cL,LAI,arithmetic COV,3.84,46.5254744397892,0.22479502256646988,ok,no_resolved_crossing_in_evaluated_domain,False,False,,,,,,False,True,True,Maximum documented search expansion reached without a crossing; no claim of impossibility is made.
profile,r_cL,LAI,arithmetic COV,4.16,64.07152259993664,0.2291681040322926,ok,no_resolved_crossing_in_evaluated_domain,False,False,,,,,,False,True,True,Maximum documented search expansion reached without a crossing; no claim of impossibility is made.
profile,r_cL,LAI,arithmetic COV,4.48,88.23467267565151,0.2329620776581795,ok,no_resolved_crossing_in_evaluated_domain,False,False,,,,,,False,True,True,Maximum documented search expansion reached without a crossing; no claim of impossibility is made.
profile,r_cL,LAI,arithmetic COV,4.800000000000001,121.51041751873497,0.23626945667416485,ok,no_resolved_crossing_in_evaluated_domain,False,False,,,,,,False,True,True,Maximum documented search expansion reached without a crossing; no claim of impossibility is made.
profile,r_cL,LAI,arithmetic COV,5.119999999999999,167.33536962110395,0.23916502489086916,ok,no_resolved_crossing_in_evaluated_domain,False,False,,,,,,False,True,True,Maximum documented search expansion reached without a crossing; no claim of impossibility is made.
profile,r_cL,LAI,arithmetic COV,5.120000000000001,167.33536962110423,0.23916502489086922,ok,no_resolved_crossing_in_evaluated_domain,False,False,,,,,,False,True,True,Maximum documented search expansion reached without a crossing; no claim of impossibility is made.
profile,r_cL,LAI,arithmetic COV,5.4399999999999995,230.44218346064198,0.24170973741795,ok,no_resolved_crossing_in_evaluated_domain,False,False,,,,,,False,True,True,Maximum documented search expansion reached without a crossing; no claim of impossibility is made.
profile,r_cL,LAI,arithmetic COV,5.759999999999998,317.34832891784987,0.2439537040360507,ok,no_resolved_crossing_in_evaluated_domain,False,False,,,,,,False,True,True,Maximum documented search expansion reached without a crossing; no claim of impossibility is made.
profile,r_cL,LAI,arithmetic COV,5.76,317.34832891785044,0.2439537040360507,ok,no_resolved_crossing_in_evaluated_domain,False,False,,,,,,False,True,True,Maximum documented search expansion reached without a crossing; no claim of impossibility is made.
profile,r_cL,LAI,arithmetic COV,6.08,437.02919471839147,0.24593846071246356,ok,no_resolved_crossing_in_evaluated_domain,False,False,,,,,,False,True,True,Maximum documented search expansion reached without a crossing; no claim of impossibility is made.
profile,r_cL,LAI,arithmetic COV,6.399999999999999,601.8450378720812,0.24769870424334728,ok,no_resolved_crossing_in_evaluated_domain,False,False,,,,,,False,True,True,Maximum documented search expansion reached without a crossing; no claim of impossibility is made.
profile,r_cL,LAI,arithmetic COV,6.4,601.8450378720822,0.24769870424334728,ok,no_resolved_crossing_in_evaluated_domain,True,False,,,,,,False,True,True,Maximum documented search expansion reached without a crossing; no claim of impossibility is made.
profile,r_cL,LAI,arithmetic COV,7.039999999999999,1141.387606628967,0.2506579454073465,ok,no_resolved_crossing_in_evaluated_domain,False,False,,,,,,False,True,True,Maximum documented search expansion reached without a crossing; no claim of impossibility is made.
profile,r_cL,LAI,arithmetic COV,7.68,2164.619771847478,0.2530159859567068,ok,no_resolved_crossing_in_evaluated_domain,False,False,,,,,,False,True,True,Maximum documented search expansion reached without a crossing; no claim of impossibility is made.
profile,r_cL,LAI,arithmetic COV,8.32,4105.160008274192,0.2549079706513604,ok,no_resolved_crossing_in_evaluated_domain,False,False,,,,,,False,True,True,Maximum documented search expansion reached without a crossing; no claim of impossibility is made.
profile,r_cL,LAI,arithmetic COV,8.96,7785.357462179364,0.2564347614263105,ok,no_resolved_crossing_in_evaluated_domain,False,False,,,,,,False,True,True,Maximum documented search expansion reached without a crossing; no claim of impossibility is made.
profile,r_cL,LAI,arithmetic COV,9.600000000000001,14764.781565577294,0.2576728297619498,ok,no_resolved_crossing_in_evaluated_domain,False,False,,,,,,False,True,True,Maximum documented search expansion reached without a crossing; no claim of impossibility is made.
profile,r_cL,LAI,arithmetic COV,10.239999999999998,28001.125926231478,0.2586809222392115,ok,no_resolved_crossing_in_evaluated_domain,False,False,,,,,,False,True,True,Maximum documented search expansion reached without a crossing; no claim of impossibility is made.
profile,r_cL,LAI,arithmetic COV,10.879999999999999,53103.59991810817,0.2595046707587217,ok,no_resolved_crossing_in_evaluated_domain,False,False,,,,,,False,True,True,Maximum documented search expansion reached without a crossing; no claim of impossibility is made.
profile,r_cL,LAI,arithmetic COV,11.52,100709.96186695219,0.2601798539748589,ok,no_resolved_crossing_in_evaluated_domain,False,False,,,,,,False,True,True,Maximum documented search expansion reached without a crossing; no claim of impossibility is made.
profile,r_cL,LAI,arithmetic COV,12.16,190994.5170362057,0.26073475006255986,ok,no_resolved_crossing_in_evaluated_domain,False,False,,,,,,False,True,True,Maximum documented search expansion reached without a crossing; no claim of impossibility is made.
profile,r_cL,LAI,arithmetic COV,12.8,362217.44961124816,0.26119186302218245,ok,no_resolved_crossing_in_evaluated_domain,True,False,,,,,,False,True,True,Maximum documented search expansion reached without a crossing; no claim of impossibility is made.
profile,r_mT,TFP link,nominal conditional mean,-0.4,0.6703200460356393,0.17967443191436377,ok,crossing_resolved,True,False,,,,,,True,False,False,
profile,r_mT,TFP link,nominal conditional mean,-0.38,0.6838614092123558,0.17541587579219992,ok,crossing_resolved,False,False,,,,,,True,False,False,
profile,r_mT,TFP link,nominal conditional mean,-0.36000000000000004,0.697676326071031,0.17114570488489572,ok,crossing_resolved,False,False,,,,,,True,False,False,
profile,r_mT,TFP link,nominal conditional mean,-0.34,0.7117703227626097,0.1668667061607917,ok,crossing_resolved,False,False,,,,,,True,False,False,
profile,r_mT,TFP link,nominal conditional mean,-0.32,0.7261490370736909,0.1625817732969555,ok,crossing_resolved,False,False,,,,,,True,False,False,
profile,r_mT,TFP link,nominal conditional mean,-0.30000000000000004,0.7408182206817179,0.15829390344552172,ok,crossing_resolved,False,False,,,,,,True,False,False,
profile,r_mT,TFP link,nominal conditional mean,-0.28,0.7557837414557255,0.15400619336413698,ok,crossing_resolved,False,False,,,,,,True,False,False,
profile,r_mT,TFP link,nominal conditional mean,-0.26,0.7710515858035663,0.14972183488700747,ok,crossing_resolved,False,False,,,,,,True,False,False,
profile,r_mT,TFP link,nominal conditional mean,-0.24000000000000002,0.7866278610665534,0.14544410971602173,ok,crossing_resolved,False,False,,,,,,True,False,False,
profile,r_mT,TFP link,nominal conditional mean,-0.22000000000000003,0.8025187979624785,0.14117638351488623,ok,crossing_resolved,False,False,,,,,,True,False,False,
profile,r_mT,TFP link,nominal conditional mean,-0.2,0.8187307530779818,0.13692209929317062,ok,crossing_resolved,True,False,,,,,,True,False,False,
profile,r_mT,TFP link,nominal conditional mean,-0.19,0.8269591339433623,0.13480109322414163,ok,crossing_resolved,False,False,,,,,,True,False,False,
profile,r_mT,TFP link,nominal conditional mean,-0.18000000000000002,0.835270211411272,0.13268477007163115,ok,crossing_resolved,False,False,,,,,,True,False,False,
profile,r_mT,TFP link,nominal conditional mean,-0.17,0.8436648165963837,0.13057357858060986,ok,crossing_resolved,False,False,,,,,,True,False,False,
profile,r_mT,TFP link,nominal conditional mean,-0.16000000000000003,0.8521437889662113,0.12846797082515798,ok,crossing_resolved,False,False,,,,,,True,False,False,
profile,r_mT,TFP link,nominal conditional mean,-0.16,0.8521437889662113,0.12846797082515798,ok,crossing_resolved,False,False,,,,,,True,False,False,
profile,r_mT,TFP link,nominal conditional mean,-0.15000000000000002,0.8607079764250578,0.12636840191736548,ok,crossing_resolved,False,False,,,,,,True,False,False,
profile,r_mT,TFP link,nominal conditional mean,-0.14,0.8693582353988059,0.124275329705174,ok,crossing_resolved,False,False,,,,,,True,False,False,
profile,r_mT,TFP link,nominal conditional mean,-0.13,0.8780954309205613,0.12218921445928498,ok,crossing_resolved,False,False,,,,,,True,False,False,
profile,r_mT,TFP link,nominal conditional mean,-0.12000000000000001,0.8869204367171575,0.12011051854928267,ok,crossing_resolved,False,False,,,,,,True,False,False,
profile,r_mT,TFP link,nominal conditional mean,-0.12,0.8869204367171575,0.12011051854928267,ok,crossing_resolved,False,False,,,,,,True,False,False,
profile,r_mT,TFP link,nominal conditional mean,-0.11000000000000001,0.8958341352965282,0.1180397061091525,ok,crossing_resolved,False,False,,,,,,True,False,False,
profile,r_mT,TFP link,nominal conditional mean,-0.10000000000000003,0.9048374180359595,0.11597724269239855,ok,crossing_resolved,False,False,,,,,,True,False,False,
profile,r_mT,TFP link,nominal conditional mean,-0.1,0.9048374180359595,0.11597724269239855,ok,crossing_resolved,True,False,,,,,,True,False,False,
profile,r_mT,TFP link,nominal conditional mean,-0.095,0.9093729344682314,0.11494928765423723,ok,crossing_resolved,False,False,,,,,,True,False,False,
profile,r_mT,TFP link,nominal conditional mean,-0.09000000000000001,0.9139311852712282,0.11392359491699848,ok,crossing_resolved,False,False,,,,,,True,False,False,
profile,r_mT,TFP link,nominal conditional mean,-0.085,0.9185122844014574,0.11290022291437884,ok,crossing_resolved,False,False,,,,,,True,False,False,
profile,r_mT,TFP link,nominal conditional mean,-0.08000000000000002,0.9231163463866358,0.11187923010045876,ok,crossing_resolved,False,False,,,,,,True,False,False,
profile,r_mT,TFP link,nominal conditional mean,-0.08,0.9231163463866358,0.11187923010045876,ok,crossing_resolved,False,False,,,,,,True,False,False,
profile,r_mT,TFP link,nominal conditional mean,-0.07500000000000001,0.9277434863285529,0.11086067493777771,ok,crossing_resolved,False,False,,,,,,True,False,False,
profile,r_mT,TFP link,nominal conditional mean,-0.07,0.9323938199059483,0.10984461588526717,ok,crossing_resolved,False,False,,,,,,True,False,False,
profile,r_mT,TFP link,nominal conditional mean,-0.065,0.9370674633774034,0.10883111138604422,ok,crossing_resolved,False,False,,,,,,True,False,False,
profile,r_mT,TFP link,nominal conditional mean,-0.060000000000000005,0.9417645335842487,0.1078202198550683,ok,crossing_resolved,False,False,,,,,,True,False,False,
profile,r_mT,TFP link,nominal conditional mean,-0.06,0.9417645335842487,0.1078202198550683,ok,crossing_resolved,False,False,,,,,,True,False,False,
profile,r_mT,TFP link,nominal conditional mean,-0.05500000000000001,0.9464851479534838,0.106811999666665,ok,crossing_resolved,False,False,,,,,,True,False,False,
profile,r_mT,TFP link,nominal conditional mean,-0.05000000000000002,0.951229424500714,0.1058065091419194,ok,crossing_resolved,False,False,,,,,,True,False,False,
profile,r_mT,TFP link,nominal conditional mean,-0.05,0.951229424500714,0.1058065091419194,ok,crossing_resolved,True,False,,,,,,True,False,False,
profile,r_mT,TFP link,nominal conditional mean,-0.0475,0.9536104731326264,0.10530480571106832,ok,crossing_resolved,False,False,,,,,,True,False,False,
profile,r_mT,TFP link,nominal conditional mean,-0.045000000000000005,0.9559974818330998,0.10480380653594276,ok,crossing_resolved,False,False,,,,,,True,False,False,
profile,r_mT,TFP link,nominal conditional mean,-0.0425,0.958390465520947,0.1043035188860138,ok,crossing_resolved,False,False,,,,,,True,False,False,
profile,r_mT,TFP link,nominal conditional mean,-0.040000000000000036,0.9607894391523232,0.1038039500250157,ok,crossing_resolved,False,False,,,,,,True,False,False,
profile,r_mT,TFP link,nominal conditional mean,-0.04000000000000001,0.9607894391523232,0.1038039500250157,ok,crossing_resolved,False,False,,,,,,True,False,False,
profile,r_mT,TFP link,nominal conditional mean,-0.04,0.9607894391523232,0.1038039500250157,ok,crossing_resolved,False,False,,,,,,True,False,False,
profile,r_mT,TFP link,nominal conditional mean,-0.037500000000000006,0.9631944177208218,0.10330510721053723,ok,crossing_resolved,False,False,,,,,,True,False,False,
profile,r_mT,TFP link,nominal conditional mean,-0.035,0.9656054162575665,0.10280699769361196,ok,crossing_resolved,False,False,,,,,,True,False,False,
profile,r_mT,TFP link,nominal conditional mean,-0.0325,0.968022449831306,0.1023096287183062,ok,crossing_resolved,False,False,,,,,,True,False,False,
profile,r_mT,TFP link,nominal conditional mean,-0.030000000000000002,0.9704455335485082,0.10181300752130572,ok,crossing_resolved,False,False,,,,,,True,False,False,
profile,r_mT,TFP link,nominal conditional mean,-0.03,0.9704455335485082,0.10181300752130572,ok,crossing_resolved,False,False,,,,,,True,False,False,
profile,r_mT,TFP link,nominal conditional mean,-0.027500000000000004,0.972874682553454,0.10131714133150031,ok,crossing_resolved,False,False,,,,,,True,False,False,
profile,r_mT,TFP link,nominal conditional mean,-0.02500000000000001,0.9753099120283326,0.10082203736956707,ok,crossing_resolved,False,False,,,,,,True,False,False,
profile,r_mT,TFP link,nominal conditional mean,-0.025,0.9753099120283326,0.10082203736956707,ok,crossing_resolved,False,False,,,,,,True,False,False,
profile,r_mT,TFP link,nominal conditional mean,-0.022500000000000003,0.9777512371933363,0.10032770284755187,ok,crossing_resolved,False,False,,,,,,True,False,False,
profile,r_mT,TFP link,nominal conditional mean,-0.020000000000000018,0.9801986733067553,0.09983414496844921,ok,crossing_resolved,False,False,,,,,,True,False,False,
profile,r_mT,TFP link,nominal conditional mean,-0.020000000000000004,0.9801986733067553,0.09983414496844921,ok,crossing_resolved,False,False,,,,,,True,False,False,
profile,r_mT,TFP link,nominal conditional mean,-0.0175,0.9826522356650732,0.09934137092578059,ok,crossing_resolved,False,False,,,,,,True,False,False,
profile,r_mT,TFP link,nominal conditional mean,-0.015,0.9851119396030626,0.0988493879031714,ok,crossing_resolved,False,False,,,,,,True,False,False,
profile,r_mT,TFP link,nominal conditional mean,-0.012500000000000004,0.9875778004938814,0.09835820307392612,ok,crossing_resolved,False,False,,,,,,True,False,False,
profile,r_mT,TFP link,nominal conditional mean,-0.010000000000000009,0.990049833749168,0.09786782360060231,ok,crossing_resolved,False,False,,,,,,True,False,False,
profile,r_mT,TFP link,nominal conditional mean,-0.010000000000000002,0.9900498337491681,0.09786782360060231,ok,crossing_resolved,False,False,,,,,,True,False,False,
profile,r_mT,TFP link,nominal conditional mean,-0.0075,0.9925280548191384,0.09737825663458295,ok,crossing_resolved,False,False,,,,,,True,False,False,
profile,r_mT,TFP link,nominal conditional mean,-0.0050000000000000044,0.9950124791926823,0.09688950931564758,ok,crossing_resolved,False,False,,,,,,True,False,False,
profile,r_mT,TFP link,nominal conditional mean,-0.0025000000000000022,0.9975031223974601,0.09640158877154197,ok,crossing_resolved,False,False,,,,,,True,False,False,
profile,r_mT,TFP link,nominal conditional mean,0.0,1.0,0.09591450211754649,ok,crossing_resolved,True,False,,,,,,True,False,False,
profile,r_mT,TFP link,nominal conditional mean,0.0024999999999999953,1.0025031276057952,0.09542825645604326,ok,crossing_resolved,False,False,,,,,,True,False,False,
profile,r_mT,TFP link,nominal conditional mean,0.0049999999999999906,1.005012520859401,0.09494285887608211,ok,crossing_resolved,False,False,,,,,,True,False,False,
profile,r_mT,TFP link,nominal conditional mean,0.0049999999999999975,1.005012520859401,0.09494285887608211,ok,crossing_resolved,False,False,,,,,,True,False,False,
profile,r_mT,TFP link,nominal conditional mean,0.0075,1.0075281954445339,0.09445831645294497,ok,crossing_resolved,False,False,,,,,,True,False,False,
profile,r_mT,TFP link,nominal conditional mean,0.009999999999999981,1.010050167084168,0.09397463624770967,ok,crossing_resolved,False,False,,,,,,True,False,False,
profile,r_mT,TFP link,nominal conditional mean,0.009999999999999995,1.010050167084168,0.09397463624770967,ok,crossing_resolved,False,False,,,,,,True,False,False,
profile,r_mT,TFP link,nominal conditional mean,0.012499999999999997,1.0125784515406344,0.09349182530681219,ok,crossing_resolved,False,False,,,,,,True,False,False,
profile,r_mT,TFP link,nominal conditional mean,0.015,1.015113064615719,0.09300989066160809,ok,crossing_resolved,False,False,,,,,,True,False,False,
profile,r_mT,TFP link,nominal conditional mean,0.0175,1.0176540221507617,0.09252883932793243,ok,crossing_resolved,False,False,,,,,,True,False,False,
profile,r_mT,TFP link,nominal conditional mean,0.019999999999999962,1.0202013400267558,0.09204867830565944,ok,crossing_resolved,False,False,,,,,,True,False,False,
profile,r_mT,TFP link,nominal conditional mean,0.01999999999999999,1.0202013400267558,0.09204867830565944,ok,crossing_resolved,False,False,,,,,,True,False,False,
profile,r_mT,TFP link,nominal conditional mean,0.020000000000000004,1.0202013400267558,0.09204867830565944,ok,crossing_resolved,False,False,,,,,,True,False,False,
profile,r_mT,TFP link,nominal conditional mean,0.022499999999999992,1.022755034164446,0.09156941457826054,ok,crossing_resolved,False,False,,,,,,True,False,False,
profile,r_mT,TFP link,nominal conditional mean,0.024999999999999994,1.0253151205244289,0.09109105511236179,ok,crossing_resolved,False,False,,,,,,True,False,False,
profile,r_mT,TFP link,nominal conditional mean,0.027499999999999997,1.0278816151072527,0.0906136068573003,ok,crossing_resolved,False,False,,,,,,True,False,False,
profile,r_mT,TFP link,nominal conditional mean,0.03,1.030454533953517,0.09013707674467994,ok,crossing_resolved,False,False,,,,,,True,False,False,
profile,r_mT,TFP link,nominal conditional mean,0.0325,1.0330338931439726,0.08966147168792618,ok,crossing_resolved,False,False,,,,,,True,False,False,
profile,r_mT,TFP link,nominal conditional mean,0.035,1.0356197087996233,0.08918679858184017,ok,crossing_resolved,False,False,,,,,,True,False,False,
profile,r_mT,TFP link,nominal conditional mean,0.037500000000000006,1.038211997081825,0.08871306430215206,ok,crossing_resolved,False,False,,,,,,True,False,False,
profile,r_mT,TFP link,nominal conditional mean,0.03999999999999998,1.0408107741923882,0.08824027570507388,ok,crossing_resolved,False,False,,,,,,True,False,False,
profile,r_mT,TFP link,nominal conditional mean,0.039999999999999994,1.0408107741923882,0.08824027570507388,ok,crossing_resolved,False,False,,,,,,True,False,False,
profile,r_mT,TFP link,nominal conditional mean,0.04000000000000001,1.0408107741923882,0.08824027570507388,ok,crossing_resolved,False,False,,,,,,True,False,False,
profile,r_mT,TFP link,nominal conditional mean,0.042499999999999996,1.043416056373678,0.08776843962685138,ok,crossing_resolved,False,False,,,,,,True,False,False,
profile,r_mT,TFP link,nominal conditional mean,0.044999999999999984,1.046027859908717,0.08729756288331578,ok,crossing_resolved,False,False,,,,,,True,False,False,
profile,r_mT,TFP link,nominal conditional mean,0.045,1.046027859908717,0.08729756288331578,ok,crossing_resolved,False,False,,,,,,True,False,False,
profile,r_mT,TFP link,nominal conditional mean,0.0475,1.0486462011212851,0.08682765226943467,ok,crossing_resolved,False,False,,,,,,True,False,False,
profile,r_mT,TFP link,nominal conditional mean,0.04999999999999999,1.0512710963760241,0.08635871455886247,ok,crossing_resolved,False,False,,,,,,True,False,False,
profile,r_mT,TFP link,nominal conditional mean,0.05,1.0512710963760241,0.08635871455886247,ok,crossing_resolved,True,False,,,,,,True,False,False,
profile,r_mT,TFP link,nominal conditional mean,0.05499999999999999,1.0565406146754943,0.08542378483299701,ok,crossing_resolved,False,False,,,,,,True,False,False,
profile,r_mT,TFP link,nominal conditional mean,0.06,1.0618365465453596,0.08449282745158507,ok,crossing_resolved,False,False,,,,,,True,False,False,
profile,r_mT,TFP link,nominal conditional mean,0.065,1.0671590243841926,0.08356589579064944,ok,crossing_resolved,False,False,,,,,,True,False,False,
profile,r_mT,TFP link,nominal conditional mean,0.07,1.0725081812542165,0.08264304284192811,ok,crossing_resolved,False,False,,,,,,True,False,False,
profile,r_mT,TFP link,nominal conditional mean,0.07500000000000001,1.0778841508846315,0.0817243211984226,ok,crossing_resolved,False,False,,,,,,True,False,False,
profile,r_mT,TFP link,nominal conditional mean,0.07999999999999996,1.0832870676749584,0.08080978303994274,ok,crossing_resolved,False,False,,,,,,True,False,False,
profile,r_mT,TFP link,nominal conditional mean,0.07999999999999999,1.0832870676749586,0.0808097830399427,ok,crossing_resolved,False,False,,,,,,True,False,False,
profile,r_mT,TFP link,nominal conditional mean,0.08000000000000002,1.0832870676749586,0.0808097830399427,ok,crossing_resolved,False,False,,,,,,True,False,False,
profile,r_mT,TFP link,nominal conditional mean,0.08499999999999999,1.0887170666983987,0.07989948011865397,ok,crossing_resolved,False,False,,,,,,True,False,False,
profile,r_mT,TFP link,nominal conditional mean,0.08999999999999997,1.0941742837052104,0.07899346374463445,ok,crossing_resolved,False,False,,,,,,True,False,False,
profile,r_mT,TFP link,nominal conditional mean,0.09,1.0941742837052104,0.07899346374463445,ok,crossing_resolved,False,False,,,,,,True,False,False,
profile,r_mT,TFP link,nominal conditional mean,0.095,1.0996588551261028,0.07809178477144749,ok,crossing_resolved,False,False,,,,,,True,False,False,
profile,r_mT,TFP link,nominal conditional mean,0.09999999999999998,1.1051709180756475,0.07719449358173651,ok,crossing_resolved,False,False,,,,,,True,False,False,
profile,r_mT,TFP link,nominal conditional mean,0.1,1.1051709180756477,0.07719449358173647,ok,crossing_resolved,True,False,,,,,,True,False,False,
profile,r_mT,TFP link,nominal conditional mean,0.10999999999999999,1.1162780704588713,0.07541327364249906,ok,crossing_resolved,False,False,,,,,,True,False,False,
profile,r_mT,TFP link,nominal conditional mean,0.12,1.1274968515793757,0.07365019702435309,ok,crossing_resolved,False,False,,,,,,True,False,False,
profile,r_mT,TFP link,nominal conditional mean,0.13,1.1388283833246218,0.07190564837432459,ok,crossing_resolved,False,False,,,,,,True,False,False,
profile,r_mT,TFP link,nominal conditional mean,0.14,1.1502737988572274,0.07018000343609675,ok,crossing_resolved,False,False,,,,,,True,False,False,
profile,r_mT,TFP link,nominal conditional mean,0.15000000000000002,1.161834242728283,0.06847362860163372,ok,crossing_resolved,False,False,,,,,,True,False,False,
profile,r_mT,TFP link,nominal conditional mean,0.15999999999999998,1.1735108709918103,0.06678688046829462,ok,crossing_resolved,False,False,,,,,,True,False,False,
profile,r_mT,TFP link,nominal conditional mean,0.16000000000000003,1.1735108709918103,0.06678688046829462,ok,crossing_resolved,False,False,,,,,,True,False,False,
profile,r_mT,TFP link,nominal conditional mean,0.16999999999999998,1.1853048513203654,0.0651201054023802,ok,crossing_resolved,False,False,,,,,,True,False,False,
profile,r_mT,TFP link,nominal conditional mean,0.17999999999999994,1.1972173631218102,0.06347363911006412,ok,crossing_resolved,False,False,,,,,,True,False,False,
profile,r_mT,TFP link,nominal conditional mean,0.18,1.1972173631218102,0.06347363911006412,ok,crossing_resolved,False,False,,,,,,True,False,False,
profile,r_mT,TFP link,nominal conditional mean,0.19,1.2092495976572515,0.0618478062166706,ok,crossing_resolved,False,False,,,,,,True,False,False,
profile,r_mT,TFP link,nominal conditional mean,0.19999999999999996,1.2214027581601699,0.06024291985526394,ok,crossing_resolved,False,False,,,,,,True,False,False,
profile,r_mT,TFP link,nominal conditional mean,0.2,1.2214027581601699,0.06024291985526394,ok,crossing_resolved,True,False,,,,,,True,False,False,
profile,r_mT,TFP link,nominal conditional mean,0.21999999999999997,1.2460767305873808,0.05709717940385039,ok,crossing_resolved,False,False,,,,,,True,False,False,
profile,r_mT,TFP link,nominal conditional mean,0.24,1.2712491503214047,0.0540386780212869,ok,crossing_resolved,False,False,,,,,,True,False,False,
profile,r_mT,TFP link,nominal conditional mean,0.26,1.2969300866657718,0.05106946767969515,ok,crossing_resolved,False,False,,,,,,True,False,False,
profile,r_mT,TFP link,nominal conditional mean,0.28,1.3231298123374369,0.048191381102982093,ok,crossing_resolved,False,False,,,,,,True,False,False,
profile,r_mT,TFP link,nominal conditional mean,0.30000000000000004,1.3498588075760032,0.04540602183514931,ok,crossing_resolved,False,False,,,,,,True,False,False,
profile,r_mT,TFP link,nominal conditional mean,0.31999999999999995,1.377127764335957,0.04271475544631878,ok,crossing_resolved,False,False,,,,,,True,False,False,
profile,r_mT,TFP link,nominal conditional mean,0.33999999999999997,1.4049475905635938,0.04011870198465253,ok,crossing_resolved,False,False,,,,,,True,False,False,
profile,r_mT,TFP link,nominal conditional mean,0.36,1.4333294145603401,0.03761872977428653,ok,crossing_resolved,False,False,,,,,,True,False,False,
profile,r_mT,TFP link,nominal conditional mean,0.38,1.4622845894342245,0.035215450649649746,ok,crossing_resolved,False,False,,,,,,True,False,False,
profile,r_mT,TFP link,nominal conditional mean,0.4,1.4918246976412703,0.03290921670514501,ok,crossing_resolved,True,False,,,,,,True,False,False,
root,r_mT,TFP link,nominal conditional mean,0.2673575444203765,1.3065074972957837,0.04999999999995877,resolved_target_crossing,crossing_resolved,,,increase,True,-4.123090757701675e-14,True,True,True,False,False,
profile,r_cT,TFP link,conditional arithmetic COV,-12.8,2.7607725720371986e-06,0.0892360149099309,ok,no_resolved_crossing_in_evaluated_domain,True,False,,,,,,False,False,True,Maximum documented search expansion reached without a crossing; no claim of impossibility is made.
profile,r_cT,TFP link,conditional arithmetic COV,-12.16,5.235752394978102e-06,0.08923601499005872,ok,no_resolved_crossing_in_evaluated_domain,False,False,,,,,,False,False,True,Maximum documented search expansion reached without a crossing; no claim of impossibility is made.
profile,r_cT,TFP link,conditional arithmetic COV,-11.520000000000001,9.929504305851064e-06,0.0892360151421031,ok,no_resolved_crossing_in_evaluated_domain,False,False,,,,,,False,False,True,Maximum documented search expansion reached without a crossing; no claim of impossibility is made.
profile,r_cT,TFP link,conditional arithmetic COV,-10.88,1.8831115057022737e-05,0.08923601543043372,ok,no_resolved_crossing_in_evaluated_domain,False,False,,,,,,False,False,True,Maximum documented search expansion reached without a crossing; no claim of impossibility is made.
profile,r_cT,TFP link,conditional arithmetic COV,-10.24,3.571284964163521e-05,0.08923601597723724,ok,no_resolved_crossing_in_evaluated_domain,False,False,,,,,,False,False,True,Maximum documented search expansion reached without a crossing; no claim of impossibility is made.
profile,r_cT,TFP link,conditional arithmetic COV,-9.600000000000001,6.772873649085378e-05,0.08923601701424311,ok,no_resolved_crossing_in_evaluated_domain,False,False,,,,,,False,False,True,Maximum documented search expansion reached without a crossing; no claim of impossibility is made.
profile,r_cT,TFP link,conditional arithmetic COV,-8.96,0.0001284462537343878,0.0892360189809053,ok,no_resolved_crossing_in_evaluated_domain,False,False,,,,,,False,False,True,Maximum documented search expansion reached without a crossing; no claim of impossibility is made.
profile,r_cT,TFP link,conditional arithmetic COV,-8.32,0.0002435958642256188,0.08923602271064435,ok,no_resolved_crossing_in_evaluated_domain,False,False,,,,,,False,False,True,Maximum documented search expansion reached without a crossing; no claim of impossibility is made.
profile,r_cT,TFP link,conditional arithmetic COV,-7.680000000000001,0.0004619748987816509,0.08923602978402265,ok,no_resolved_crossing_in_evaluated_domain,False,False,,,,,,False,False,True,Maximum documented search expansion reached without a crossing; no claim of impossibility is made.
profile,r_cT,TFP link,conditional arithmetic COV,-7.040000000000001,0.0008761265622582409,0.089236043198549,ok,no_resolved_crossing_in_evaluated_domain,False,False,,,,,,False,False,True,Maximum documented search expansion reached without a crossing; no claim of impossibility is made.
profile,r_cT,TFP link,conditional arithmetic COV,-6.4,0.001661557273173934,0.08923606863894089,ok,no_resolved_crossing_in_evaluated_domain,True,False,,,,,,False,False,True,Maximum documented search expansion reached without a crossing; no claim of impossibility is made.
profile,r_cT,TFP link,conditional arithmetic COV,-6.08,0.0022881766529221693,0.0892360889355143,ok,no_resolved_crossing_in_evaluated_domain,False,False,,,,,,False,False,True,Maximum documented search expansion reached without a crossing; no claim of impossibility is made.
profile,r_cT,TFP link,conditional arithmetic COV,-5.760000000000001,0.0031511115984444384,0.08923611689667946,ok,no_resolved_crossing_in_evaluated_domain,False,False,,,,,,False,False,True,Maximum documented search expansion reached without a crossing; no claim of impossibility is made.
profile,r_cT,TFP link,conditional arithmetic COV,-5.44,0.004339483270738895,0.08923615553180236,ok,no_resolved_crossing_in_evaluated_domain,False,False,,,,,,False,False,True,Maximum documented search expansion reached without a crossing; no claim of impossibility is made.
profile,r_cT,TFP link,conditional arithmetic COV,-5.120000000000001,0.0059760228950059375,0.08923620997039045,ok,no_resolved_crossing_in_evaluated_domain,False,False,,,,,,False,False,True,Maximum documented search expansion reached without a crossing; no claim of impossibility is made.
profile,r_cT,TFP link,conditional arithmetic COV,-5.12,0.005976022895005943,0.08923620997039045,ok,no_resolved_crossing_in_evaluated_domain,False,False,,,,,,False,False,True,Maximum documented search expansion reached without a crossing; no claim of impossibility is made.
profile,r_cT,TFP link,conditional arithmetic COV,-4.800000000000001,0.008229747049020023,0.08923630857095516,ok,no_resolved_crossing_in_evaluated_domain,False,False,,,,,,False,False,True,Maximum documented search expansion reached without a crossing; no claim of impossibility is made.
profile,r_cT,TFP link,conditional arithmetic COV,-4.48,0.011333413154667387,0.08923659510604325,ok,no_resolved_crossing_in_evaluated_domain,False,False,,,,,,False,False,True,Maximum documented search expansion reached without a crossing; no claim of impossibility is made.
profile,r_cT,TFP link,conditional arithmetic COV,-4.16,0.01560755791998283,0.08923734384511159,ok,no_resolved_crossing_in_evaluated_domain,False,False,,,,,,False,False,True,Maximum documented search expansion reached without a crossing; no claim of impossibility is made.
profile,r_cT,TFP link,conditional arithmetic COV,-3.8400000000000003,0.021493601345089913,0.0892388750206077,ok,no_resolved_crossing_in_evaluated_domain,False,False,,,,,,False,False,True,Maximum documented search expansion reached without a crossing; no claim of impossibility is made.
profile,r_cT,TFP link,conditional arithmetic COV,-3.84,0.021493601345089923,0.0892388750206077,ok,no_resolved_crossing_in_evaluated_domain,False,False,,,,,,False,False,True,Maximum documented search expansion reached without a crossing; no claim of impossibility is made.
profile,r_cT,TFP link,conditional arithmetic COV,-3.5200000000000005,0.029599435167891985,0.08924179290704617,ok,no_resolved_crossing_in_evaluated_domain,False,False,,,,,,False,False,True,Maximum documented search expansion reached without a crossing; no claim of impossibility is made.
profile,r_cT,TFP link,conditional arithmetic COV,-3.200000000000001,0.04076220397836617,0.08924732651076751,ok,no_resolved_crossing_in_evaluated_domain,False,False,,,,,,False,False,True,Maximum documented search expansion reached without a crossing; no claim of impossibility is made.
profile,r_cT,TFP link,conditional arithmetic COV,-3.2,0.04076220397836621,0.08924732651076751,ok,no_resolved_crossing_in_evaluated_domain,True,False,,,,,,False,False,True,Maximum documented search expansion reached without a crossing; no claim of impossibility is made.
profile,r_cT,TFP link,conditional arithmetic COV,-3.04,0.04783488949419837,0.08925174089692409,ok,no_resolved_crossing_in_evaluated_domain,False,False,,,,,,False,False,True,Maximum documented search expansion reached without a crossing; no claim of impossibility is made.
profile,r_cT,TFP link,conditional arithmetic COV,-2.8800000000000003,0.056134762834133704,0.08925781957328051,ok,no_resolved_crossing_in_evaluated_domain,False,False,,,,,,False,False,True,Maximum documented search expansion reached without a crossing; no claim of impossibility is made.
profile,r_cT,TFP link,conditional arithmetic COV,-2.72,0.06587475442640295,0.08926618974410265,ok,no_resolved_crossing_in_evaluated_domain,False,False,,,,,,False,False,True,Maximum documented search expansion reached without a crossing; no claim of impossibility is made.
profile,r_cT,TFP link,conditional arithmetic COV,-2.5600000000000005,0.07730474044329971,0.08927771475037173,ok,no_resolved_crossing_in_evaluated_domain,False,False,,,,,,False,False,True,Maximum documented search expansion reached without a crossing; no claim of impossibility is made.
profile,r_cT,TFP link,conditional arithmetic COV,-2.56,0.07730474044329974,0.08927771475037174,ok,no_resolved_crossing_in_evaluated_domain,False,False,,,,,,False,False,True,Maximum documented search expansion reached without a crossing; no claim of impossibility is made.
profile,r_cT,TFP link,conditional arithmetic COV,-2.4000000000000004,0.09071795328941247,0.08929358276574266,ok,no_resolved_crossing_in_evaluated_domain,False,False,,,,,,False,False,True,Maximum documented search expansion reached without a crossing; no claim of impossibility is made.
profile,r_cT,TFP link,conditional arithmetic COV,-2.24,0.1064585043792528,0.08931542862201261,ok,no_resolved_crossing_in_evaluated_domain,False,False,,,,,,False,False,True,Maximum documented search expansion reached without a crossing; no claim of impossibility is made.
profile,r_cT,TFP link,conditional arithmetic COV,-2.08,0.12493021219858241,0.08934550097195307,ok,no_resolved_crossing_in_evaluated_domain,False,False,,,,,,False,False,True,Maximum documented search expansion reached without a crossing; no claim of impossibility is made.
profile,r_cT,TFP link,conditional arithmetic COV,-1.9200000000000002,0.14660696213035013,0.08938689134606455,ok,no_resolved_crossing_in_evaluated_domain,False,False,,,,,,False,False,True,Maximum documented search expansion reached without a crossing; no claim of impossibility is made.
profile,r_cT,TFP link,conditional arithmetic COV,-1.92,0.14660696213035015,0.08938689134606456,ok,no_resolved_crossing_in_evaluated_domain,False,False,,,,,,False,False,True,Maximum documented search expansion reached without a crossing; no claim of impossibility is made.
profile,r_cT,TFP link,conditional arithmetic COV,-1.7600000000000002,0.17204486382305048,0.08944384742194905,ok,no_resolved_crossing_in_evaluated_domain,False,False,,,,,,False,False,True,Maximum documented search expansion reached without a crossing; no claim of impossibility is made.
profile,r_cT,TFP link,conditional arithmetic COV,-1.6000000000000005,0.2018965179946553,0.08952220033404881,ok,no_resolved_crossing_in_evaluated_domain,False,False,,,,,,False,False,True,Maximum documented search expansion reached without a crossing; no claim of impossibility is made.
profile,r_cT,TFP link,conditional arithmetic COV,-1.6,0.20189651799465538,0.08952220033404883,ok,no_resolved_crossing_in_evaluated_domain,True,False,,,,,,False,False,True,Maximum documented search expansion reached without a crossing; no claim of impossibility is made.
profile,r_cT,TFP link,conditional arithmetic COV,-1.52,0.21871188695221475,0.0895717947923872,ok,no_resolved_crossing_in_evaluated_domain,False,False,,,,,,False,False,True,Maximum documented search expansion reached without a crossing; no claim of impossibility is made.
profile,r_cT,TFP link,conditional arithmetic COV,-1.4400000000000002,0.2369277586821217,0.08962994539364734,ok,no_resolved_crossing_in_evaluated_domain,False,False,,,,,,False,False,True,Maximum documented search expansion reached without a crossing; no claim of impossibility is made.
profile,r_cT,TFP link,conditional arithmetic COV,-1.36,0.2566607769535559,0.0896981183144037,ok,no_resolved_crossing_in_evaluated_domain,False,False,,,,,,False,False,True,Maximum documented search expansion reached without a crossing; no claim of impossibility is made.
profile,r_cT,TFP link,conditional arithmetic COV,-1.2800000000000011,0.2780373004531938,0.08977802723959348,ok,no_resolved_crossing_in_evaluated_domain,False,False,,,,,,False,False,True,Maximum documented search expansion reached without a crossing; no claim of impossibility is made.
profile,r_cT,TFP link,conditional arithmetic COV,-1.2800000000000002,0.2780373004531941,0.08977802723959348,ok,no_resolved_crossing_in_evaluated_domain,False,False,,,,,,False,False,True,Maximum documented search expansion reached without a crossing; no claim of impossibility is made.
profile,r_cT,TFP link,conditional arithmetic COV,-1.28,0.27803730045319414,0.0897780272395935,ok,no_resolved_crossing_in_evaluated_domain,False,False,,,,,,False,False,True,Maximum documented search expansion reached without a crossing; no claim of impossibility is made.
profile,r_cT,TFP link,conditional arithmetic COV,-1.2000000000000002,0.301194211912202,0.08987167374243174,ok,no_resolved_crossing_in_evaluated_domain,False,False,,,,,,False,False,True,Maximum documented search expansion reached without a crossing; no claim of impossibility is made.
profile,r_cT,TFP link,conditional arithmetic COV,-1.12,0.32627979462303947,0.0899813937234305,ok,no_resolved_crossing_in_evaluated_domain,False,False,,,,,,False,False,True,Maximum documented search expansion reached without a crossing; no claim of impossibility is made.
profile,r_cT,TFP link,conditional arithmetic COV,-1.04,0.35345468195878016,0.09010991061521158,ok,no_resolved_crossing_in_evaluated_domain,False,False,,,,,,False,False,True,Maximum documented search expansion reached without a crossing; no claim of impossibility is made.
profile,r_cT,TFP link,conditional arithmetic COV,-0.9600000000000001,0.382892885975112,0.09026039606030606,ok,no_resolved_crossing_in_evaluated_domain,False,False,,,,,,False,False,True,Maximum documented search expansion reached without a crossing; no claim of impossibility is made.
profile,r_cT,TFP link,conditional arithmetic COV,-0.96,0.38289288597511206,0.09026039606030606,ok,no_resolved_crossing_in_evaluated_domain,False,False,,,,,,False,False,True,Maximum documented search expansion reached without a crossing; no claim of impossibility is made.
profile,r_cT,TFP link,conditional arithmetic COV,-0.8800000000000001,0.4147829116815813,0.09043653872856015,ok,no_resolved_crossing_in_evaluated_domain,False,False,,,,,,False,False,True,Maximum documented search expansion reached without a crossing; no claim of impossibility is made.
profile,r_cT,TFP link,conditional arithmetic COV,-0.8000000000000003,0.44932896411722145,0.09064262183950912,ok,no_resolved_crossing_in_evaluated_domain,False,False,,,,,,False,False,True,Maximum documented search expansion reached without a crossing; no claim of impossibility is made.
profile,r_cT,TFP link,conditional arithmetic COV,-0.8,0.44932896411722156,0.09064262183950912,ok,no_resolved_crossing_in_evaluated_domain,True,False,,,,,,False,False,True,Maximum documented search expansion reached without a crossing; no claim of impossibility is made.
profile,r_cT,TFP link,conditional arithmetic COV,-0.76,0.46766642700990924,0.09075841326355827,ok,no_resolved_crossing_in_evaluated_domain,False,False,,,,,,False,False,True,Maximum documented search expansion reached without a crossing; no claim of impossibility is made.
profile,r_cT,TFP link,conditional arithmetic COV,-0.7200000000000001,0.4867522559599716,0.09088360976727963,ok,no_resolved_crossing_in_evaluated_domain,False,False,,,,,,False,False,True,Maximum documented search expansion reached without a crossing; no claim of impossibility is made.
profile,r_cT,TFP link,conditional arithmetic COV,-0.68,0.5066169923655895,0.09101895403979818,ok,no_resolved_crossing_in_evaluated_domain,False,False,,,,,,False,False,True,Maximum documented search expansion reached without a crossing; no claim of impossibility is made.
profile,r_cT,TFP link,conditional arithmetic COV,-0.6400000000000006,0.5272924240430482,0.09116524379813107,ok,no_resolved_crossing_in_evaluated_domain,False,False,,,,,,False,False,True,Maximum documented search expansion reached without a crossing; no claim of impossibility is made.
profile,r_cT,TFP link,conditional arithmetic COV,-0.6400000000000001,0.5272924240430485,0.09116524379813108,ok,no_resolved_crossing_in_evaluated_domain,False,False,,,,,,False,False,True,Maximum documented search expansion reached without a crossing; no claim of impossibility is made.
profile,r_cT,TFP link,conditional arithmetic COV,-0.64,0.5272924240430485,0.09116524379813108,ok,no_resolved_crossing_in_evaluated_domain,False,False,,,,,,False,False,True,Maximum documented search expansion reached without a crossing; no claim of impossibility is made.
profile,r_cT,TFP link,conditional arithmetic COV,-0.6000000000000001,0.5488116360940264,0.09132333524609734,ok,no_resolved_crossing_in_evaluated_domain,False,False,,,,,,False,False,True,Maximum documented search expansion reached without a crossing; no claim of impossibility is made.
profile,r_cT,TFP link,conditional arithmetic COV,-0.56,0.5712090638488149,0.09149414664279928,ok,no_resolved_crossing_in_evaluated_domain,False,False,,,,,,False,False,True,Maximum documented search expansion reached without a crossing; no claim of impossibility is made.
profile,r_cT,TFP link,conditional arithmetic COV,-0.52,0.5945205479701944,0.09167866196332965,ok,no_resolved_crossing_in_evaluated_domain,False,False,,,,,,False,False,True,Maximum documented search expansion reached without a crossing; no claim of impossibility is made.
profile,r_cT,TFP link,conditional arithmetic COV,-0.48000000000000004,0.6187833918061408,0.0918779346295315,ok,no_resolved_crossing_in_evaluated_domain,False,False,,,,,,False,False,True,Maximum documented search expansion reached without a crossing; no claim of impossibility is made.
profile,r_cT,TFP link,conditional arithmetic COV,-0.48,0.6187833918061408,0.0918779346295315,ok,no_resolved_crossing_in_evaluated_domain,False,False,,,,,,False,False,True,Maximum documented search expansion reached without a crossing; no claim of impossibility is made.
profile,r_cT,TFP link,conditional arithmetic COV,-0.44000000000000006,0.6440364210831413,0.09209309128314633,ok,no_resolved_crossing_in_evaluated_domain,False,False,,,,,,False,False,True,Maximum documented search expansion reached without a crossing; no claim of impossibility is made.
profile,r_cT,TFP link,conditional arithmetic COV,-0.40000000000000013,0.6703200460356392,0.09232533556750393,ok,no_resolved_crossing_in_evaluated_domain,False,False,,,,,,False,False,True,Maximum documented search expansion reached without a crossing; no claim of impossibility is made.
profile,r_cT,TFP link,conditional arithmetic COV,-0.4,0.6703200460356393,0.09232533556750393,ok,no_resolved_crossing_in_evaluated_domain,True,False,,,,,,False,False,True,Maximum documented search expansion reached without a crossing; no claim of impossibility is made.
profile,r_cT,TFP link,conditional arithmetic COV,-0.38,0.6838614092123558,0.09244826368902032,ok,no_resolved_crossing_in_evaluated_domain,False,False,,,,,,False,False,True,Maximum documented search expansion reached without a crossing; no claim of impossibility is made.
profile,r_cT,TFP link,conditional arithmetic COV,-0.36000000000000004,0.697676326071031,0.09257595187704432,ok,no_resolved_crossing_in_evaluated_domain,False,False,,,,,,False,False,True,Maximum documented search expansion reached without a crossing; no claim of impossibility is made.
profile,r_cT,TFP link,conditional arithmetic COV,-0.34,0.7117703227626097,0.09270857390038253,ok,no_resolved_crossing_in_evaluated_domain,False,False,,,,,,False,False,True,Maximum documented search expansion reached without a crossing; no claim of impossibility is made.
profile,r_cT,TFP link,conditional arithmetic COV,-0.3200000000000003,0.7261490370736907,0.0928463090264473,ok,no_resolved_crossing_in_evaluated_domain,False,False,,,,,,False,False,True,Maximum documented search expansion reached without a crossing; no claim of impossibility is made.
profile,r_cT,TFP link,conditional arithmetic COV,-0.32000000000000006,0.7261490370736908,0.0928463090264473,ok,no_resolved_crossing_in_evaluated_domain,False,False,,,,,,False,False,True,Maximum documented search expansion reached without a crossing; no claim of impossibility is made.
profile,r_cT,TFP link,conditional arithmetic COV,-0.32,0.7261490370736909,0.09284630902644732,ok,no_resolved_crossing_in_evaluated_domain,False,False,,,,,,False,False,True,Maximum documented search expansion reached without a crossing; no claim of impossibility is made.
profile,r_cT,TFP link,conditional arithmetic COV,-0.30000000000000004,0.7408182206817179,0.09298934212747587,ok,no_resolved_crossing_in_evaluated_domain,False,False,,,,,,False,False,True,Maximum documented search expansion reached without a crossing; no claim of impossibility is made.
profile,r_cT,TFP link,conditional arithmetic COV,-0.28,0.7557837414557255,0.09313786378306951,ok,no_resolved_crossing_in_evaluated_domain,False,False,,,,,,False,False,True,Maximum documented search expansion reached without a crossing; no claim of impossibility is made.
profile,r_cT,TFP link,conditional arithmetic COV,-0.26,0.7710515858035663,0.09329207037846166,ok,no_resolved_crossing_in_evaluated_domain,False,False,,,,,,False,False,True,Maximum documented search expansion reached without a crossing; no claim of impossibility is made.
profile,r_cT,TFP link,conditional arithmetic COV,-0.24000000000000002,0.7866278610665534,0.09345216419788879,ok,no_resolved_crossing_in_evaluated_domain,False,False,,,,,,False,False,True,Maximum documented search expansion reached without a crossing; no claim of impossibility is made.
profile,r_cT,TFP link,conditional arithmetic COV,-0.24,0.7866278610665535,0.0934521641978888,ok,no_resolved_crossing_in_evaluated_domain,False,False,,,,,,False,False,True,Maximum documented search expansion reached without a crossing; no claim of impossibility is made.
profile,r_cT,TFP link,conditional arithmetic COV,-0.22000000000000003,0.8025187979624785,0.09361835351240644,ok,no_resolved_crossing_in_evaluated_domain,False,False,,,,,,False,False,True,Maximum documented search expansion reached without a crossing; no claim of impossibility is made.
profile,r_cT,TFP link,conditional arithmetic COV,-0.20000000000000007,0.8187307530779818,0.09379085266145906,ok,no_resolved_crossing_in_evaluated_domain,False,False,,,,,,False,False,True,Maximum documented search expansion reached without a crossing; no claim of impossibility is made.
profile,r_cT,TFP link,conditional arithmetic COV,-0.2,0.8187307530779818,0.09379085266145906,ok,no_resolved_crossing_in_evaluated_domain,True,False,,,,,,False,False,True,Maximum documented search expansion reached without a crossing; no claim of impossibility is made.
profile,r_cT,TFP link,conditional arithmetic COV,-0.19,0.8269591339433623,0.09387953708285188,ok,no_resolved_crossing_in_evaluated_domain,False,False,,,,,,False,False,True,Maximum documented search expansion reached without a crossing; no claim of impossibility is made.
profile,r_cT,TFP link,conditional arithmetic COV,-0.18000000000000002,0.835270211411272,0.09396988212748399,ok,no_resolved_crossing_in_evaluated_domain,False,False,,,,,,False,False,True,Maximum documented search expansion reached without a crossing; no claim of impossibility is made.
profile,r_cT,TFP link,conditional arithmetic COV,-0.17,0.8436648165963837,0.09406191632647908,ok,no_resolved_crossing_in_evaluated_domain,False,False,,,,,,False,False,True,Maximum documented search expansion reached without a crossing; no claim of impossibility is made.
profile,r_cT,TFP link,conditional arithmetic COV,-0.16000000000000014,0.8521437889662112,0.09415566860280111,ok,no_resolved_crossing_in_evaluated_domain,False,False,,,,,,False,False,True,Maximum documented search expansion reached without a crossing; no claim of impossibility is made.
profile,r_cT,TFP link,conditional arithmetic COV,-0.16000000000000003,0.8521437889662113,0.09415566860280111,ok,no_resolved_crossing_in_evaluated_domain,False,False,,,,,,False,False,True,Maximum documented search expansion reached without a crossing; no claim of impossibility is made.
profile,r_cT,TFP link,conditional arithmetic COV,-0.16,0.8521437889662113,0.09415566860280111,ok,no_resolved_crossing_in_evaluated_domain,False,False,,,,,,False,False,True,Maximum documented search expansion reached without a crossing; no claim of impossibility is made.
profile,r_cT,TFP link,conditional arithmetic COV,-0.15000000000000002,0.8607079764250578,0.09425116827286839,ok,no_resolved_crossing_in_evaluated_domain,False,False,,,,,,False,False,True,Maximum documented search expansion reached without a crossing; no claim of impossibility is made.
profile,r_cT,TFP link,conditional arithmetic COV,-0.14,0.8693582353988059,0.094348445048016,ok,no_resolved_crossing_in_evaluated_domain,False,False,,,,,,False,False,True,Maximum documented search expansion reached without a crossing; no claim of impossibility is made.
profile,r_cT,TFP link,conditional arithmetic COV,-0.13,0.8780954309205613,0.09444752903580103,ok,no_resolved_crossing_in_evaluated_domain,False,False,,,,,,False,False,True,Maximum documented search expansion reached without a crossing; no claim of impossibility is made.
profile,r_cT,TFP link,conditional arithmetic COV,-0.12000000000000001,0.8869204367171575,0.09454845074114371,ok,no_resolved_crossing_in_evaluated_domain,False,False,,,,,,False,False,True,Maximum documented search expansion reached without a crossing; no claim of impossibility is made.
profile,r_cT,TFP link,conditional arithmetic COV,-0.12,0.8869204367171575,0.09454845074114371,ok,no_resolved_crossing_in_evaluated_domain,False,False,,,,,,False,False,True,Maximum documented search expansion reached without a crossing; no claim of impossibility is made.
profile,r_cT,TFP link,conditional arithmetic COV,-0.11000000000000001,0.8958341352965282,0.09465124106729791,ok,no_resolved_crossing_in_evaluated_domain,False,False,,,,,,False,False,True,Maximum documented search expansion reached without a crossing; no claim of impossibility is made.
profile,r_cT,TFP link,conditional arithmetic COV,-0.10000000000000003,0.9048374180359595,0.09475593131664535,ok,no_resolved_crossing_in_evaluated_domain,False,False,,,,,,False,False,True,Maximum documented search expansion reached without a crossing; no claim of impossibility is made.
profile,r_cT,TFP link,conditional arithmetic COV,-0.1,0.9048374180359595,0.09475593131664535,ok,no_resolved_crossing_in_evaluated_domain,True,False,,,,,,False,False,True,Maximum documented search expansion reached without a crossing; no claim of impossibility is made.
profile,r_cT,TFP link,conditional arithmetic COV,-0.095,0.9093729344682314,0.09480899880380142,ok,no_resolved_crossing_in_evaluated_domain,False,False,,,,,,False,False,True,Maximum documented search expansion reached without a crossing; no claim of impossibility is made.
profile,r_cT,TFP link,conditional arithmetic COV,-0.09000000000000001,0.9139311852712282,0.09486255319130607,ok,no_resolved_crossing_in_evaluated_domain,False,False,,,,,,False,False,True,Maximum documented search expansion reached without a crossing; no claim of impossibility is made.
profile,r_cT,TFP link,conditional arithmetic COV,-0.085,0.9185122844014574,0.09491659850445251,ok,no_resolved_crossing_in_evaluated_domain,False,False,,,,,,False,False,True,Maximum documented search expansion reached without a crossing; no claim of impossibility is made.
profile,r_cT,TFP link,conditional arithmetic COV,-0.08000000000000007,0.9231163463866358,0.09497113879355958,ok,no_resolved_crossing_in_evaluated_domain,False,False,,,,,,False,False,True,Maximum documented search expansion reached without a crossing; no claim of impossibility is made.
profile,r_cT,TFP link,conditional arithmetic COV,-0.08000000000000002,0.9231163463866358,0.09497113879355958,ok,no_resolved_crossing_in_evaluated_domain,False,False,,,,,,False,False,True,Maximum documented search expansion reached without a crossing; no claim of impossibility is made.
profile,r_cT,TFP link,conditional arithmetic COV,-0.08,0.9231163463866358,0.09497113879355958,ok,no_resolved_crossing_in_evaluated_domain,False,False,,,,,,False,False,True,Maximum documented search expansion reached without a crossing; no claim of impossibility is made.
profile,r_cT,TFP link,conditional arithmetic COV,-0.07500000000000001,0.9277434863285529,0.09502617813397408,ok,no_resolved_crossing_in_evaluated_domain,False,False,,,,,,False,False,True,Maximum documented search expansion reached without a crossing; no claim of impossibility is made.
profile,r_cT,TFP link,conditional arithmetic COV,-0.07,0.9323938199059483,0.09508172062606988,ok,no_resolved_crossing_in_evaluated_domain,False,False,,,,,,False,False,True,Maximum documented search expansion reached without a crossing; no claim of impossibility is made.
profile,r_cT,TFP link,conditional arithmetic COV,-0.065,0.9370674633774034,0.09513777039524385,ok,no_resolved_crossing_in_evaluated_domain,False,False,,,,,,False,False,True,Maximum documented search expansion reached without a crossing; no claim of impossibility is made.
profile,r_cT,TFP link,conditional arithmetic COV,-0.060000000000000005,0.9417645335842487,0.09519433159190835,ok,no_resolved_crossing_in_evaluated_domain,False,False,,,,,,False,False,True,Maximum documented search expansion reached without a crossing; no claim of impossibility is made.
profile,r_cT,TFP link,conditional arithmetic COV,-0.06,0.9417645335842487,0.09519433159190835,ok,no_resolved_crossing_in_evaluated_domain,False,False,,,,,,False,False,True,Maximum documented search expansion reached without a crossing; no claim of impossibility is made.
profile,r_cT,TFP link,conditional arithmetic COV,-0.05500000000000001,0.9464851479534838,0.09525140839148047,ok,no_resolved_crossing_in_evaluated_domain,False,False,,,,,,False,False,True,Maximum documented search expansion reached without a crossing; no claim of impossibility is made.
profile,r_cT,TFP link,conditional arithmetic COV,-0.05000000000000002,0.951229424500714,0.09530900499436787,ok,no_resolved_crossing_in_evaluated_domain,False,False,,,,,,False,False,True,Maximum documented search expansion reached without a crossing; no claim of impossibility is made.
profile,r_cT,TFP link,conditional arithmetic COV,-0.05,0.951229424500714,0.09530900499436787,ok,no_resolved_crossing_in_evaluated_domain,True,False,,,,,,False,False,True,Maximum documented search expansion reached without a crossing; no claim of impossibility is made.
profile,r_cT,TFP link,conditional arithmetic COV,-0.0475,0.9536104731326264,0.09533799954151129,ok,no_resolved_crossing_in_evaluated_domain,False,False,,,,,,False,False,True,Maximum documented search expansion reached without a crossing; no claim of impossibility is made.
profile,r_cT,TFP link,conditional arithmetic COV,-0.045000000000000005,0.9559974818330998,0.09536712562595111,ok,no_resolved_crossing_in_evaluated_domain,False,False,,,,,,False,False,True,Maximum documented search expansion reached without a crossing; no claim of impossibility is made.
profile,r_cT,TFP link,conditional arithmetic COV,-0.0425,0.958390465520947,0.09539638377975848,ok,no_resolved_crossing_in_evaluated_domain,False,False,,,,,,False,False,True,Maximum documented search expansion reached without a crossing; no claim of impossibility is made.
profile,r_cT,TFP link,conditional arithmetic COV,-0.040000000000000036,0.9607894391523232,0.09542577453656252,ok,no_resolved_crossing_in_evaluated_domain,False,False,,,,,,False,False,True,Maximum documented search expansion reached without a crossing; no claim of impossibility is made.
profile,r_cT,TFP link,conditional arithmetic COV,-0.04000000000000001,0.9607894391523232,0.09542577453656252,ok,no_resolved_crossing_in_evaluated_domain,False,False,,,,,,False,False,True,Maximum documented search expansion reached without a crossing; no claim of impossibility is made.
profile,r_cT,TFP link,conditional arithmetic COV,-0.04,0.9607894391523232,0.09542577453656252,ok,no_resolved_crossing_in_evaluated_domain,False,False,,,,,,False,False,True,Maximum documented search expansion reached without a crossing; no claim of impossibility is made.
profile,r_cT,TFP link,conditional arithmetic COV,-0.037500000000000006,0.9631944177208218,0.0954552984315494,ok,no_resolved_crossing_in_evaluated_domain,False,False,,,,,,False,False,True,Maximum documented search expansion reached without a crossing; no claim of impossibility is made.
profile,r_cT,TFP link,conditional arithmetic COV,-0.035,0.9656054162575665,0.09548495600146156,ok,no_resolved_crossing_in_evaluated_domain,False,False,,,,,,False,False,True,Maximum documented search expansion reached without a crossing; no claim of impossibility is made.
profile,r_cT,TFP link,conditional arithmetic COV,-0.0325,0.968022449831306,0.09551474778459663,ok,no_resolved_crossing_in_evaluated_domain,False,False,,,,,,False,False,True,Maximum documented search expansion reached without a crossing; no claim of impossibility is made.
profile,r_cT,TFP link,conditional arithmetic COV,-0.030000000000000002,0.9704455335485082,0.09554467432080649,ok,no_resolved_crossing_in_evaluated_domain,False,False,,,,,,False,False,True,Maximum documented search expansion reached without a crossing; no claim of impossibility is made.
profile,r_cT,TFP link,conditional arithmetic COV,-0.03,0.9704455335485082,0.09554467432080649,ok,no_resolved_crossing_in_evaluated_domain,False,False,,,,,,False,False,True,Maximum documented search expansion reached without a crossing; no claim of impossibility is made.
profile,r_cT,TFP link,conditional arithmetic COV,-0.027500000000000004,0.972874682553454,0.09557473615149614,ok,no_resolved_crossing_in_evaluated_domain,False,False,,,,,,False,False,True,Maximum documented search expansion reached without a crossing; no claim of impossibility is made.
profile,r_cT,TFP link,conditional arithmetic COV,-0.02500000000000001,0.9753099120283326,0.09560493381962257,ok,no_resolved_crossing_in_evaluated_domain,False,False,,,,,,False,False,True,Maximum documented search expansion reached without a crossing; no claim of impossibility is made.
profile,r_cT,TFP link,conditional arithmetic COV,-0.025,0.9753099120283326,0.09560493381962257,ok,no_resolved_crossing_in_evaluated_domain,False,False,,,,,,False,False,True,Maximum documented search expansion reached without a crossing; no claim of impossibility is made.
profile,r_cT,TFP link,conditional arithmetic COV,-0.022500000000000003,0.9777512371933363,0.09563526786969356,ok,no_resolved_crossing_in_evaluated_domain,False,False,,,,,,False,False,True,Maximum documented search expansion reached without a crossing; no claim of impossibility is made.
profile,r_cT,TFP link,conditional arithmetic COV,-0.020000000000000018,0.9801986733067553,0.09566573884776645,ok,no_resolved_crossing_in_evaluated_domain,False,False,,,,,,False,False,True,Maximum documented search expansion reached without a crossing; no claim of impossibility is made.
profile,r_cT,TFP link,conditional arithmetic COV,-0.020000000000000004,0.9801986733067553,0.09566573884776645,ok,no_resolved_crossing_in_evaluated_domain,False,False,,,,,,False,False,True,Maximum documented search expansion reached without a crossing; no claim of impossibility is made.
profile,r_cT,TFP link,conditional arithmetic COV,-0.0175,0.9826522356650732,0.09569634730144673,ok,no_resolved_crossing_in_evaluated_domain,False,False,,,,,,False,False,True,Maximum documented search expansion reached without a crossing; no claim of impossibility is made.
profile,r_cT,TFP link,conditional arithmetic COV,-0.015,0.9851119396030626,0.09572709377988688,ok,no_resolved_crossing_in_evaluated_domain,False,False,,,,,,False,False,True,Maximum documented search expansion reached without a crossing; no claim of impossibility is made.
profile,r_cT,TFP link,conditional arithmetic COV,-0.012500000000000004,0.9875778004938814,0.09575797883378459,ok,no_resolved_crossing_in_evaluated_domain,False,False,,,,,,False,False,True,Maximum documented search expansion reached without a crossing; no claim of impossibility is made.
profile,r_cT,TFP link,conditional arithmetic COV,-0.010000000000000009,0.990049833749168,0.09578900301538168,ok,no_resolved_crossing_in_evaluated_domain,False,False,,,,,,False,False,True,Maximum documented search expansion reached without a crossing; no claim of impossibility is made.
profile,r_cT,TFP link,conditional arithmetic COV,-0.010000000000000002,0.9900498337491681,0.09578900301538168,ok,no_resolved_crossing_in_evaluated_domain,False,False,,,,,,False,False,True,Maximum documented search expansion reached without a crossing; no claim of impossibility is made.
profile,r_cT,TFP link,conditional arithmetic COV,-0.0075,0.9925280548191384,0.09582016687846219,ok,no_resolved_crossing_in_evaluated_domain,False,False,,,,,,False,False,True,Maximum documented search expansion reached without a crossing; no claim of impossibility is made.
profile,r_cT,TFP link,conditional arithmetic COV,-0.0050000000000000044,0.9950124791926823,0.09585147097835098,ok,no_resolved_crossing_in_evaluated_domain,False,False,,,,,,False,False,True,Maximum documented search expansion reached without a crossing; no claim of impossibility is made.
profile,r_cT,TFP link,conditional arithmetic COV,-0.0025000000000000022,0.9975031223974601,0.09588291587191199,ok,no_resolved_crossing_in_evaluated_domain,False,False,,,,,,False,False,True,Maximum documented search expansion reached without a crossing; no claim of impossibility is made.
profile,r_cT,TFP link,conditional arithmetic COV,0.0,1.0,0.09591450211754649,ok,no_resolved_crossing_in_evaluated_domain,True,False,,,,,,False,False,True,Maximum documented search expansion reached without a crossing; no claim of impossibility is made.
profile,r_cT,TFP link,conditional arithmetic COV,0.0024999999999999953,1.0025031276057952,0.0959462302751913,ok,no_resolved_crossing_in_evaluated_domain,False,False,,,,,,False,False,True,Maximum documented search expansion reached without a crossing; no claim of impossibility is made.
profile,r_cT,TFP link,conditional arithmetic COV,0.0049999999999999906,1.005012520859401,0.09597810090631692,ok,no_resolved_crossing_in_evaluated_domain,False,False,,,,,,False,False,True,Maximum documented search expansion reached without a crossing; no claim of impossibility is made.
profile,r_cT,TFP link,conditional arithmetic COV,0.0049999999999999975,1.005012520859401,0.09597810090631692,ok,no_resolved_crossing_in_evaluated_domain,False,False,,,,,,False,False,True,Maximum documented search expansion reached without a crossing; no claim of impossibility is made.
profile,r_cT,TFP link,conditional arithmetic COV,0.0075,1.0075281954445339,0.09601011457392564,ok,no_resolved_crossing_in_evaluated_domain,False,False,,,,,,False,False,True,Maximum documented search expansion reached without a crossing; no claim of impossibility is made.
profile,r_cT,TFP link,conditional arithmetic COV,0.009999999999999981,1.010050167084168,0.09604227184254956,ok,no_resolved_crossing_in_evaluated_domain,False,False,,,,,,False,False,True,Maximum documented search expansion reached without a crossing; no claim of impossibility is made.
profile,r_cT,TFP link,conditional arithmetic COV,0.009999999999999995,1.010050167084168,0.09604227184254956,ok,no_resolved_crossing_in_evaluated_domain,False,False,,,,,,False,False,True,Maximum documented search expansion reached without a crossing; no claim of impossibility is made.
profile,r_cT,TFP link,conditional arithmetic COV,0.012499999999999997,1.0125784515406344,0.09607457327824849,ok,no_resolved_crossing_in_evaluated_domain,False,False,,,,,,False,False,True,Maximum documented search expansion reached without a crossing; no claim of impossibility is made.
profile,r_cT,TFP link,conditional arithmetic COV,0.015,1.015113064615719,0.09610701944860789,ok,no_resolved_crossing_in_evaluated_domain,False,False,,,,,,False,False,True,Maximum documented search expansion reached without a crossing; no claim of impossibility is made.
profile,r_cT,TFP link,conditional arithmetic COV,0.0175,1.0176540221507617,0.0961396109227367,ok,no_resolved_crossing_in_evaluated_domain,False,False,,,,,,False,False,True,Maximum documented search expansion reached without a crossing; no claim of impossibility is made.
profile,r_cT,TFP link,conditional arithmetic COV,0.019999999999999962,1.0202013400267558,0.09617234827126513,ok,no_resolved_crossing_in_evaluated_domain,False,False,,,,,,False,False,True,Maximum documented search expansion reached without a crossing; no claim of impossibility is made.
profile,r_cT,TFP link,conditional arithmetic COV,0.01999999999999999,1.0202013400267558,0.09617234827126513,ok,no_resolved_crossing_in_evaluated_domain,False,False,,,,,,False,False,True,Maximum documented search expansion reached without a crossing; no claim of impossibility is made.
profile,r_cT,TFP link,conditional arithmetic COV,0.020000000000000004,1.0202013400267558,0.09617234827126513,ok,no_resolved_crossing_in_evaluated_domain,False,False,,,,,,False,False,True,Maximum documented search expansion reached without a crossing; no claim of impossibility is made.
profile,r_cT,TFP link,conditional arithmetic COV,0.022499999999999992,1.022755034164446,0.0962052320663423,ok,no_resolved_crossing_in_evaluated_domain,False,False,,,,,,False,False,True,Maximum documented search expansion reached without a crossing; no claim of impossibility is made.
profile,r_cT,TFP link,conditional arithmetic COV,0.024999999999999994,1.0253151205244289,0.09623826288163388,ok,no_resolved_crossing_in_evaluated_domain,False,False,,,,,,False,False,True,Maximum documented search expansion reached without a crossing; no claim of impossibility is made.
profile,r_cT,TFP link,conditional arithmetic COV,0.027499999999999997,1.0278816151072527,0.09627144129231979,ok,no_resolved_crossing_in_evaluated_domain,False,False,,,,,,False,False,True,Maximum documented search expansion reached without a crossing; no claim of impossibility is made.
profile,r_cT,TFP link,conditional arithmetic COV,0.03,1.030454533953517,0.09630476787509153,ok,no_resolved_crossing_in_evaluated_domain,False,False,,,,,,False,False,True,Maximum documented search expansion reached without a crossing; no claim of impossibility is made.
profile,r_cT,TFP link,conditional arithmetic COV,0.0325,1.0330338931439726,0.09633824320814979,ok,no_resolved_crossing_in_evaluated_domain,False,False,,,,,,False,False,True,Maximum documented search expansion reached without a crossing; no claim of impossibility is made.
profile,r_cT,TFP link,conditional arithmetic COV,0.035,1.0356197087996233,0.09637186787120178,ok,no_resolved_crossing_in_evaluated_domain,False,False,,,,,,False,False,True,Maximum documented search expansion reached without a crossing; no claim of impossibility is made.
profile,r_cT,TFP link,conditional arithmetic COV,0.037500000000000006,1.038211997081825,0.09640564244545849,ok,no_resolved_crossing_in_evaluated_domain,False,False,,,,,,False,False,True,Maximum documented search expansion reached without a crossing; no claim of impossibility is made.
profile,r_cT,TFP link,conditional arithmetic COV,0.039999999999999925,1.0408107741923882,0.09643956751363203,ok,no_resolved_crossing_in_evaluated_domain,False,False,,,,,,False,False,True,Maximum documented search expansion reached without a crossing; no claim of impossibility is made.
profile,r_cT,TFP link,conditional arithmetic COV,0.03999999999999998,1.0408107741923882,0.09643956751363203,ok,no_resolved_crossing_in_evaluated_domain,False,False,,,,,,False,False,True,Maximum documented search expansion reached without a crossing; no claim of impossibility is made.
profile,r_cT,TFP link,conditional arithmetic COV,0.039999999999999994,1.0408107741923882,0.09643956751363203,ok,no_resolved_crossing_in_evaluated_domain,False,False,,,,,,False,False,True,Maximum documented search expansion reached without a crossing; no claim of impossibility is made.
profile,r_cT,TFP link,conditional arithmetic COV,0.04000000000000001,1.0408107741923882,0.09643956751363203,ok,no_resolved_crossing_in_evaluated_domain,False,False,,,,,,False,False,True,Maximum documented search expansion reached without a crossing; no claim of impossibility is made.
profile,r_cT,TFP link,conditional arithmetic COV,0.042499999999999996,1.043416056373678,0.09647364365993269,ok,no_resolved_crossing_in_evaluated_domain,False,False,,,,,,False,False,True,Maximum documented search expansion reached without a crossing; no claim of impossibility is made.
profile,r_cT,TFP link,conditional arithmetic COV,0.044999999999999984,1.046027859908717,0.09650787147006634,ok,no_resolved_crossing_in_evaluated_domain,False,False,,,,,,False,False,True,Maximum documented search expansion reached without a crossing; no claim of impossibility is made.
profile,r_cT,TFP link,conditional arithmetic COV,0.045,1.046027859908717,0.09650787147006634,ok,no_resolved_crossing_in_evaluated_domain,False,False,,,,,,False,False,True,Maximum documented search expansion reached without a crossing; no claim of impossibility is made.
profile,r_cT,TFP link,conditional arithmetic COV,0.0475,1.0486462011212851,0.09654225153123111,ok,no_resolved_crossing_in_evaluated_domain,False,False,,,,,,False,False,True,Maximum documented search expansion reached without a crossing; no claim of impossibility is made.
profile,r_cT,TFP link,conditional arithmetic COV,0.04999999999999999,1.0512710963760241,0.09657678443211472,ok,no_resolved_crossing_in_evaluated_domain,False,False,,,,,,False,False,True,Maximum documented search expansion reached without a crossing; no claim of impossibility is made.
profile,r_cT,TFP link,conditional arithmetic COV,0.05,1.0512710963760241,0.09657678443211472,ok,no_resolved_crossing_in_evaluated_domain,True,False,,,,,,False,False,True,Maximum documented search expansion reached without a crossing; no claim of impossibility is made.
profile,r_cT,TFP link,conditional arithmetic COV,0.05499999999999999,1.0565406146754943,0.09664631111521765,ok,no_resolved_crossing_in_evaluated_domain,False,False,,,,,,False,False,True,Maximum documented search expansion reached without a crossing; no claim of impossibility is made.
profile,r_cT,TFP link,conditional arithmetic COV,0.06,1.0618365465453596,0.09671645625854691,ok,no_resolved_crossing_in_evaluated_domain,False,False,,,,,,False,False,True,Maximum documented search expansion reached without a crossing; no claim of impossibility is made.
profile,r_cT,TFP link,conditional arithmetic COV,0.065,1.0671590243841926,0.09678722462490183,ok,no_resolved_crossing_in_evaluated_domain,False,False,,,,,,False,False,True,Maximum documented search expansion reached without a crossing; no claim of impossibility is made.
profile,r_cT,TFP link,conditional arithmetic COV,0.07,1.0725081812542165,0.0968586210006012,ok,no_resolved_crossing_in_evaluated_domain,False,False,,,,,,False,False,True,Maximum documented search expansion reached without a crossing; no claim of impossibility is made.
profile,r_cT,TFP link,conditional arithmetic COV,0.07500000000000001,1.0778841508846315,0.09693065019537148,ok,no_resolved_crossing_in_evaluated_domain,False,False,,,,,,False,False,True,Maximum documented search expansion reached without a crossing; no claim of impossibility is made.
profile,r_cT,TFP link,conditional arithmetic COV,0.07999999999999985,1.0832870676749584,0.09700331704222992,ok,no_resolved_crossing_in_evaluated_domain,False,False,,,,,,False,False,True,Maximum documented search expansion reached without a crossing; no claim of impossibility is made.
profile,r_cT,TFP link,conditional arithmetic COV,0.07999999999999996,1.0832870676749584,0.09700331704222992,ok,no_resolved_crossing_in_evaluated_domain,False,False,,,,,,False,False,True,Maximum documented search expansion reached without a crossing; no claim of impossibility is made.
profile,r_cT,TFP link,conditional arithmetic COV,0.07999999999999999,1.0832870676749586,0.09700331704222992,ok,no_resolved_crossing_in_evaluated_domain,False,False,,,,,,False,False,True,Maximum documented search expansion reached without a crossing; no claim of impossibility is made.
profile,r_cT,TFP link,conditional arithmetic COV,0.08000000000000002,1.0832870676749586,0.09700331704222992,ok,no_resolved_crossing_in_evaluated_domain,False,False,,,,,,False,False,True,Maximum documented search expansion reached without a crossing; no claim of impossibility is made.
profile,r_cT,TFP link,conditional arithmetic COV,0.08499999999999999,1.0887170666983987,0.09707662639736395,ok,no_resolved_crossing_in_evaluated_domain,False,False,,,,,,False,False,True,Maximum documented search expansion reached without a crossing; no claim of impossibility is made.
profile,r_cT,TFP link,conditional arithmetic COV,0.08999999999999997,1.0941742837052104,0.09715058314000594,ok,no_resolved_crossing_in_evaluated_domain,False,False,,,,,,False,False,True,Maximum documented search expansion reached without a crossing; no claim of impossibility is made.
profile,r_cT,TFP link,conditional arithmetic COV,0.09,1.0941742837052104,0.09715058314000594,ok,no_resolved_crossing_in_evaluated_domain,False,False,,,,,,False,False,True,Maximum documented search expansion reached without a crossing; no claim of impossibility is made.
profile,r_cT,TFP link,conditional arithmetic COV,0.095,1.0996588551261028,0.09722519217230394,ok,no_resolved_crossing_in_evaluated_domain,False,False,,,,,,False,False,True,Maximum documented search expansion reached without a crossing; no claim of impossibility is made.
profile,r_cT,TFP link,conditional arithmetic COV,0.09999999999999998,1.1051709180756475,0.09730045841918766,ok,no_resolved_crossing_in_evaluated_domain,False,False,,,,,,False,False,True,Maximum documented search expansion reached without a crossing; no claim of impossibility is made.
profile,r_cT,TFP link,conditional arithmetic COV,0.1,1.1051709180756477,0.09730045841918766,ok,no_resolved_crossing_in_evaluated_domain,True,False,,,,,,False,False,True,Maximum documented search expansion reached without a crossing; no claim of impossibility is made.
profile,r_cT,TFP link,conditional arithmetic COV,0.10999999999999999,1.1162780704588713,0.09745298236950681,ok,no_resolved_crossing_in_evaluated_domain,False,False,,,,,,False,False,True,Maximum documented search expansion reached without a crossing; no claim of impossibility is made.
profile,r_cT,TFP link,conditional arithmetic COV,0.12,1.1274968515793757,0.09760819484067822,ok,no_resolved_crossing_in_evaluated_domain,False,False,,,,,,False,False,True,Maximum documented search expansion reached without a crossing; no claim of impossibility is made.
profile,r_cT,TFP link,conditional arithmetic COV,0.13,1.1388283833246218,0.09776613603763155,ok,no_resolved_crossing_in_evaluated_domain,False,False,,,,,,False,False,True,Maximum documented search expansion reached without a crossing; no claim of impossibility is made.
profile,r_cT,TFP link,conditional arithmetic COV,0.14,1.1502737988572274,0.0979268465154651,ok,no_resolved_crossing_in_evaluated_domain,False,False,,,,,,False,False,True,Maximum documented search expansion reached without a crossing; no claim of impossibility is made.
profile,r_cT,TFP link,conditional arithmetic COV,0.15000000000000002,1.161834242728283,0.09809036717412306,ok,no_resolved_crossing_in_evaluated_domain,False,False,,,,,,False,False,True,Maximum documented search expansion reached without a crossing; no claim of impossibility is made.
profile,r_cT,TFP link,conditional arithmetic COV,0.1599999999999997,1.1735108709918098,0.09825673925279768,ok,no_resolved_crossing_in_evaluated_domain,False,False,,,,,,False,False,True,Maximum documented search expansion reached without a crossing; no claim of impossibility is made.
profile,r_cT,TFP link,conditional arithmetic COV,0.15999999999999992,1.17351087099181,0.09825673925279768,ok,no_resolved_crossing_in_evaluated_domain,False,False,,,,,,False,False,True,Maximum documented search expansion reached without a crossing; no claim of impossibility is made.
profile,r_cT,TFP link,conditional arithmetic COV,0.15999999999999998,1.1735108709918103,0.0982567392527977,ok,no_resolved_crossing_in_evaluated_domain,False,False,,,,,,False,False,True,Maximum documented search expansion reached without a crossing; no claim of impossibility is made.
profile,r_cT,TFP link,conditional arithmetic COV,0.16000000000000003,1.1735108709918103,0.0982567392527977,ok,no_resolved_crossing_in_evaluated_domain,False,False,,,,,,False,False,True,Maximum documented search expansion reached without a crossing; no claim of impossibility is made.
profile,r_cT,TFP link,conditional arithmetic COV,0.16999999999999998,1.1853048513203654,0.09842600432405926,ok,no_resolved_crossing_in_evaluated_domain,False,False,,,,,,False,False,True,Maximum documented search expansion reached without a crossing; no claim of impossibility is made.
profile,r_cT,TFP link,conditional arithmetic COV,0.17999999999999994,1.1972173631218102,0.09859820428771673,ok,no_resolved_crossing_in_evaluated_domain,False,False,,,,,,False,False,True,Maximum documented search expansion reached without a crossing; no claim of impossibility is made.
profile,r_cT,TFP link,conditional arithmetic COV,0.18,1.1972173631218102,0.09859820428771673,ok,no_resolved_crossing_in_evaluated_domain,False,False,,,,,,False,False,True,Maximum documented search expansion reached without a crossing; no claim of impossibility is made.
profile,r_cT,TFP link,conditional arithmetic COV,0.19,1.2092495976572515,0.09877338136441324,ok,no_resolved_crossing_in_evaluated_domain,False,False,,,,,,False,False,True,Maximum documented search expansion reached without a crossing; no claim of impossibility is made.
profile,r_cT,TFP link,conditional arithmetic COV,0.19999999999999996,1.2214027581601699,0.09895157808896131,ok,no_resolved_crossing_in_evaluated_domain,False,False,,,,,,False,False,True,Maximum documented search expansion reached without a crossing; no claim of impossibility is made.
profile,r_cT,TFP link,conditional arithmetic COV,0.2,1.2214027581601699,0.09895157808896131,ok,no_resolved_crossing_in_evaluated_domain,True,False,,,,,,False,False,True,Maximum documented search expansion reached without a crossing; no claim of impossibility is made.
profile,r_cT,TFP link,conditional arithmetic COV,0.21999999999999997,1.2460767305873808,0.09931720214994183,ok,no_resolved_crossing_in_evaluated_domain,False,False,,,,,,False,False,True,Maximum documented search expansion reached without a crossing; no claim of impossibility is made.
profile,r_cT,TFP link,conditional arithmetic COV,0.24,1.2712491503214047,0.09969542276344243,ok,no_resolved_crossing_in_evaluated_domain,False,False,,,,,,False,False,True,Maximum documented search expansion reached without a crossing; no claim of impossibility is made.
profile,r_cT,TFP link,conditional arithmetic COV,0.26,1.2969300866657718,0.10008659078091837,ok,no_resolved_crossing_in_evaluated_domain,False,False,,,,,,False,False,True,Maximum documented search expansion reached without a crossing; no claim of impossibility is made.
profile,r_cT,TFP link,conditional arithmetic COV,0.28,1.3231298123374369,0.10049106135745542,ok,no_resolved_crossing_in_evaluated_domain,False,False,,,,,,False,False,True,Maximum documented search expansion reached without a crossing; no claim of impossibility is made.
profile,r_cT,TFP link,conditional arithmetic COV,0.30000000000000004,1.3498588075760032,0.10090919368365076,ok,no_resolved_crossing_in_evaluated_domain,False,False,,,,,,False,False,True,Maximum documented search expansion reached without a crossing; no claim of impossibility is made.
profile,r_cT,TFP link,conditional arithmetic COV,0.3199999999999994,1.3771277643359563,0.10134135070585065,ok,no_resolved_crossing_in_evaluated_domain,False,False,,,,,,False,False,True,Maximum documented search expansion reached without a crossing; no claim of impossibility is made.
profile,r_cT,TFP link,conditional arithmetic COV,0.31999999999999984,1.377127764335957,0.10134135070585068,ok,no_resolved_crossing_in_evaluated_domain,False,False,,,,,,False,False,True,Maximum documented search expansion reached without a crossing; no claim of impossibility is made.
profile,r_cT,TFP link,conditional arithmetic COV,0.31999999999999995,1.377127764335957,0.10134135070585068,ok,no_resolved_crossing_in_evaluated_domain,False,False,,,,,,False,False,True,Maximum documented search expansion reached without a crossing; no claim of impossibility is made.
profile,r_cT,TFP link,conditional arithmetic COV,0.32000000000000006,1.3771277643359572,0.10134135070585068,ok,no_resolved_crossing_in_evaluated_domain,False,False,,,,,,False,False,True,Maximum documented search expansion reached without a crossing; no claim of impossibility is made.
profile,r_cT,TFP link,conditional arithmetic COV,0.33999999999999997,1.4049475905635938,0.10178789883632847,ok,no_resolved_crossing_in_evaluated_domain,False,False,,,,,,False,False,True,Maximum documented search expansion reached without a crossing; no claim of impossibility is made.
profile,r_cT,TFP link,conditional arithmetic COV,0.3599999999999999,1.4333294145603401,0.1022492076550954,ok,no_resolved_crossing_in_evaluated_domain,False,False,,,,,,False,False,True,Maximum documented search expansion reached without a crossing; no claim of impossibility is made.
profile,r_cT,TFP link,conditional arithmetic COV,0.36,1.4333294145603401,0.1022492076550954,ok,no_resolved_crossing_in_evaluated_domain,False,False,,,,,,False,False,True,Maximum documented search expansion reached without a crossing; no claim of impossibility is made.
profile,r_cT,TFP link,conditional arithmetic COV,0.38,1.4622845894342245,0.10272564960509664,ok,no_resolved_crossing_in_evaluated_domain,False,False,,,,,,False,False,True,Maximum documented search expansion reached without a crossing; no claim of impossibility is made.
profile,r_cT,TFP link,conditional arithmetic COV,0.3999999999999999,1.4918246976412701,0.10321759968253684,ok,no_resolved_crossing_in_evaluated_domain,False,False,,,,,,False,False,True,Maximum documented search expansion reached without a crossing; no claim of impossibility is made.
profile,r_cT,TFP link,conditional arithmetic COV,0.4,1.4918246976412703,0.10321759968253684,ok,no_resolved_crossing_in_evaluated_domain,True,False,,,,,,False,False,True,Maximum documented search expansion reached without a crossing; no claim of impossibility is made.
profile,r_cT,TFP link,conditional arithmetic COV,0.43999999999999995,1.552707218511336,0.10424953509183121,ok,no_resolved_crossing_in_evaluated_domain,False,False,,,,,,False,False,True,Maximum documented search expansion reached without a crossing; no claim of impossibility is made.
profile,r_cT,TFP link,conditional arithmetic COV,0.48,1.6160744021928934,0.1053480529944547,ok,no_resolved_crossing_in_evaluated_domain,False,False,,,,,,False,False,True,Maximum documented search expansion reached without a crossing; no claim of impossibility is made.
profile,r_cT,TFP link,conditional arithmetic COV,0.52,1.6820276496988864,0.10651621323931122,ok,no_resolved_crossing_in_evaluated_domain,False,False,,,,,,False,False,True,Maximum documented search expansion reached without a crossing; no claim of impossibility is made.
profile,r_cT,TFP link,conditional arithmetic COV,0.56,1.7506725002961012,0.10775708635052073,ok,no_resolved_crossing_in_evaluated_domain,False,False,,,,,,False,False,True,Maximum documented search expansion reached without a crossing; no claim of impossibility is made.
profile,r_cT,TFP link,conditional arithmetic COV,0.6000000000000001,1.822118800390509,0.10907374337208678,ok,no_resolved_crossing_in_evaluated_domain,False,False,,,,,,False,False,True,Maximum documented search expansion reached without a crossing; no claim of impossibility is made.
profile,r_cT,TFP link,conditional arithmetic COV,0.6399999999999988,1.896480879304949,0.11046924530176078,ok,no_resolved_crossing_in_evaluated_domain,False,False,,,,,,False,False,True,Maximum documented search expansion reached without a crossing; no claim of impossibility is made.
profile,r_cT,TFP link,conditional arithmetic COV,0.6399999999999997,1.8964808793049508,0.11046924530176079,ok,no_resolved_crossing_in_evaluated_domain,False,False,,,,,,False,False,True,Maximum documented search expansion reached without a crossing; no claim of impossibility is made.
profile,r_cT,TFP link,conditional arithmetic COV,0.6399999999999999,1.8964808793049512,0.1104692453017608,ok,no_resolved_crossing_in_evaluated_domain,False,False,,,,,,False,False,True,Maximum documented search expansion reached without a crossing; no claim of impossibility is made.
profile,r_cT,TFP link,conditional arithmetic COV,0.6400000000000001,1.8964808793049517,0.1104692453017608,ok,no_resolved_crossing_in_evaluated_domain,False,False,,,,,,False,False,True,Maximum documented search expansion reached without a crossing; no claim of impossibility is made.
profile,r_cT,TFP link,conditional arithmetic COV,0.6799999999999999,1.9738777322304475,0.11194663154286492,ok,no_resolved_crossing_in_evaluated_domain,False,False,,,,,,False,False,True,Maximum documented search expansion reached without a crossing; no claim of impossibility is made.
profile,r_cT,TFP link,conditional arithmetic COV,0.7199999999999998,2.054433210643887,0.11350890654466782,ok,no_resolved_crossing_in_evaluated_domain,False,False,,,,,,False,False,True,Maximum documented search expansion reached without a crossing; no claim of impossibility is made.
profile,r_cT,TFP link,conditional arithmetic COV,0.72,2.0544332106438876,0.11350890654466783,ok,no_resolved_crossing_in_evaluated_domain,False,False,,,,,,False,False,True,Maximum documented search expansion reached without a crossing; no claim of impossibility is made.
profile,r_cT,TFP link,conditional arithmetic COV,0.76,2.1382762204968184,0.11515902358427825,ok,no_resolved_crossing_in_evaluated_domain,False,False,,,,,,False,False,True,Maximum documented search expansion reached without a crossing; no claim of impossibility is made.
profile,r_cT,TFP link,conditional arithmetic COV,0.7999999999999998,2.2255409284924674,0.11689986451734485,ok,no_resolved_crossing_in_evaluated_domain,False,False,,,,,,False,False,True,Maximum documented search expansion reached without a crossing; no claim of impossibility is made.
profile,r_cT,TFP link,conditional arithmetic COV,0.8,2.225540928492468,0.11689986451734487,ok,no_resolved_crossing_in_evaluated_domain,True,False,,,,,,False,False,True,Maximum documented search expansion reached without a crossing; no claim of impossibility is made.
profile,r_cT,TFP link,conditional arithmetic COV,0.8799999999999999,2.4108997064172097,0.12066472958369781,ok,no_resolved_crossing_in_evaluated_domain,False,False,,,,,,False,False,True,Maximum documented search expansion reached without a crossing; no claim of impossibility is made.
profile,r_cT,TFP link,conditional arithmetic COV,0.96,2.611696473423118,0.12482400314848766,ok,no_resolved_crossing_in_evaluated_domain,False,False,,,,,,False,False,True,Maximum documented search expansion reached without a crossing; no claim of impossibility is made.
profile,r_cT,TFP link,conditional arithmetic COV,1.04,2.82921701435156,0.1293947445976933,ok,no_resolved_crossing_in_evaluated_domain,False,False,,,,,,False,False,True,Maximum documented search expansion reached without a crossing; no claim of impossibility is made.
profile,r_cT,TFP link,conditional arithmetic COV,1.12,3.0648542032930024,0.1343888678808574,ok,no_resolved_crossing_in_evaluated_domain,False,False,,,,,,False,False,True,Maximum documented search expansion reached without a crossing; no claim of impossibility is made.
profile,r_cT,TFP link,conditional arithmetic COV,1.2000000000000002,3.320116922736548,0.13981125866939131,ok,no_resolved_crossing_in_evaluated_domain,False,False,,,,,,False,False,True,Maximum documented search expansion reached without a crossing; no claim of impossibility is made.
profile,r_cT,TFP link,conditional arithmetic COV,1.2799999999999994,3.596639725569279,0.14565801916118193,ok,no_resolved_crossing_in_evaluated_domain,False,False,,,,,,False,False,True,Maximum documented search expansion reached without a crossing; no claim of impossibility is made.
profile,r_cT,TFP link,conditional arithmetic COV,1.2799999999999998,3.596639725569281,0.14565801916118196,ok,no_resolved_crossing_in_evaluated_domain,False,False,,,,,,False,False,True,Maximum documented search expansion reached without a crossing; no claim of impossibility is made.
profile,r_cT,TFP link,conditional arithmetic COV,1.2800000000000002,3.5966397255692826,0.14565801916118198,ok,no_resolved_crossing_in_evaluated_domain,False,False,,,,,,False,False,True,Maximum documented search expansion reached without a crossing; no claim of impossibility is made.
profile,r_cT,TFP link,conditional arithmetic COV,1.3599999999999999,3.896193301795214,0.15191517589397777,ok,no_resolved_crossing_in_evaluated_domain,False,False,,,,,,False,False,True,Maximum documented search expansion reached without a crossing; no claim of impossibility is made.
profile,r_cT,TFP link,conditional arithmetic COV,1.4399999999999995,4.2206958169965505,0.15855811818214605,ok,no_resolved_crossing_in_evaluated_domain,False,False,,,,,,False,False,True,Maximum documented search expansion reached without a crossing; no claim of impossibility is made.
profile,r_cT,TFP link,conditional arithmetic COV,1.44,4.220695816996552,0.1585581181821461,ok,no_resolved_crossing_in_evaluated_domain,False,False,,,,,,False,False,True,Maximum documented search expansion reached without a crossing; no claim of impossibility is made.
profile,r_cT,TFP link,conditional arithmetic COV,1.52,4.572225195142159,0.16555190188132685,ok,no_resolved_crossing_in_evaluated_domain,False,False,,,,,,False,False,True,Maximum documented search expansion reached without a crossing; no claim of impossibility is made.
profile,r_cT,TFP link,conditional arithmetic COV,1.5999999999999996,4.953032424395113,0.1728524018695901,ok,no_resolved_crossing_in_evaluated_domain,False,False,,,,,,False,False,True,Maximum documented search expansion reached without a crossing; no claim of impossibility is made.
profile,r_cT,TFP link,conditional arithmetic COV,1.6,4.953032424395115,0.17285240186959017,ok,no_resolved_crossing_in_evaluated_domain,True,False,,,,,,False,False,True,Maximum documented search expansion reached without a crossing; no claim of impossibility is made.
profile,r_cT,TFP link,conditional arithmetic COV,1.7599999999999998,5.812437394402587,0.1881627460084937,ok,no_resolved_crossing_in_evaluated_domain,False,False,,,,,,False,False,True,Maximum documented search expansion reached without a crossing; no claim of impossibility is made.
profile,r_cT,TFP link,conditional arithmetic COV,1.92,6.8209584692907494,0.20403267764158278,ok,no_resolved_crossing_in_evaluated_domain,False,False,,,,,,False,False,True,Maximum documented search expansion reached without a crossing; no claim of impossibility is made.
profile,r_cT,TFP link,conditional arithmetic COV,2.08,8.004468914296353,0.22000389070526633,ok,no_resolved_crossing_in_evaluated_domain,False,False,,,,,,False,False,True,Maximum documented search expansion reached without a crossing; no claim of impossibility is made.
profile,r_cT,TFP link,conditional arithmetic COV,2.24,9.393331287442784,0.23567892742775887,ok,no_resolved_crossing_in_evaluated_domain,False,False,,,,,,False,False,True,Maximum documented search expansion reached without a crossing; no claim of impossibility is made.
profile,r_cT,TFP link,conditional arithmetic COV,2.4000000000000004,11.023176380641605,0.2507557297055921,ok,no_resolved_crossing_in_evaluated_domain,False,False,,,,,,False,False,True,Maximum documented search expansion reached without a crossing; no claim of impossibility is made.
profile,r_cT,TFP link,conditional arithmetic COV,2.5599999999999987,12.93581731554306,0.2650343823448303,ok,no_resolved_crossing_in_evaluated_domain,False,False,,,,,,False,False,True,Maximum documented search expansion reached without a crossing; no claim of impossibility is made.
profile,r_cT,TFP link,conditional arithmetic COV,2.5599999999999996,12.935817315543071,0.2650343823448304,ok,no_resolved_crossing_in_evaluated_domain,False,False,,,,,,False,False,True,Maximum documented search expansion reached without a crossing; no claim of impossibility is made.
profile,r_cT,TFP link,conditional arithmetic COV,2.5600000000000005,12.935817315543083,0.26503438234483045,ok,no_resolved_crossing_in_evaluated_domain,False,False,,,,,,False,False,True,Maximum documented search expansion reached without a crossing; no claim of impossibility is made.
profile,r_cT,TFP link,conditional arithmetic COV,2.7199999999999998,15.180322244953892,0.2784050392088913,ok,no_resolved_crossing_in_evaluated_domain,False,False,,,,,,False,False,True,Maximum documented search expansion reached without a crossing; no claim of impossibility is made.
profile,r_cT,TFP link,conditional arithmetic COV,2.879999999999999,17.81427317961218,0.290827483093391,ok,no_resolved_crossing_in_evaluated_domain,False,False,,,,,,False,False,True,Maximum documented search expansion reached without a crossing; no claim of impossibility is made.
profile,r_cT,TFP link,conditional arithmetic COV,2.88,17.814273179612197,0.29082748309339107,ok,no_resolved_crossing_in_evaluated_domain,False,False,,,,,,False,False,True,Maximum documented search expansion reached without a crossing; no claim of impossibility is made.
profile,r_cT,TFP link,conditional arithmetic COV,3.04,20.905243235092758,0.3023099611000175,ok,no_resolved_crossing_in_evaluated_domain,False,False,,,,,,False,False,True,Maximum documented search expansion reached without a crossing; no claim of impossibility is made.
profile,r_cT,TFP link,conditional arithmetic COV,3.1999999999999993,24.53253019710933,0.312891256414414,ok,no_resolved_crossing_in_evaluated_domain,False,False,,,,,,False,False,True,Maximum documented search expansion reached without a crossing; no claim of impossibility is made.
profile,r_cT,TFP link,conditional arithmetic COV,3.2,24.532530197109352,0.31289125641441407,ok,no_resolved_crossing_in_evaluated_domain,True,False,,,,,,False,False,True,Maximum documented search expansion reached without a crossing; no claim of impossibility is made.
profile,r_cT,TFP link,conditional arithmetic COV,3.5199999999999996,33.78442846384954,0.33158140503642575,ok,no_resolved_crossing_in_evaluated_domain,False,False,,,,,,False,False,True,Maximum documented search expansion reached without a crossing; no claim of impossibility is made.
profile,r_cT,TFP link,conditional arithmetic COV,3.84,46.5254744397892,0.34740404585109197,ok,no_resolved_crossing_in_evaluated_domain,False,False,,,,,,False,False,True,Maximum documented search expansion reached without a crossing; no claim of impossibility is made.
profile,r_cT,TFP link,conditional arithmetic COV,4.16,64.07152259993664,0.36084906952839685,ok,no_resolved_crossing_in_evaluated_domain,False,False,,,,,,False,False,True,Maximum documented search expansion reached without a crossing; no claim of impossibility is made.
profile,r_cT,TFP link,conditional arithmetic COV,4.48,88.23467267565151,0.372336013136644,ok,no_resolved_crossing_in_evaluated_domain,False,False,,,,,,False,False,True,Maximum documented search expansion reached without a crossing; no claim of impossibility is made.
profile,r_cT,TFP link,conditional arithmetic COV,4.800000000000001,121.51041751873497,0.38220747019390794,ok,no_resolved_crossing_in_evaluated_domain,False,False,,,,,,False,False,True,Maximum documented search expansion reached without a crossing; no claim of impossibility is made.
profile,r_cT,TFP link,conditional arithmetic COV,5.119999999999999,167.33536962110395,0.39073853190570484,ok,no_resolved_crossing_in_evaluated_domain,False,False,,,,,,False,False,True,Maximum documented search expansion reached without a crossing; no claim of impossibility is made.
profile,r_cT,TFP link,conditional arithmetic COV,5.120000000000001,167.33536962110423,0.39073853190570484,ok,no_resolved_crossing_in_evaluated_domain,False,False,,,,,,False,False,True,Maximum documented search expansion reached without a crossing; no claim of impossibility is made.
profile,r_cT,TFP link,conditional arithmetic COV,5.4399999999999995,230.44218346064198,0.3981495146833115,ok,no_resolved_crossing_in_evaluated_domain,False,False,,,,,,False,False,True,Maximum documented search expansion reached without a crossing; no claim of impossibility is made.
profile,r_cT,TFP link,conditional arithmetic COV,5.759999999999998,317.34832891784987,0.40461760154154064,ok,no_resolved_crossing_in_evaluated_domain,False,False,,,,,,False,False,True,Maximum documented search expansion reached without a crossing; no claim of impossibility is made.
profile,r_cT,TFP link,conditional arithmetic COV,5.76,317.34832891785044,0.4046176015415407,ok,no_resolved_crossing_in_evaluated_domain,False,False,,,,,,False,False,True,Maximum documented search expansion reached without a crossing; no claim of impossibility is made.
profile,r_cT,TFP link,conditional arithmetic COV,6.08,437.02919471839147,0.41028631579716346,ok,no_resolved_crossing_in_evaluated_domain,False,False,,,,,,False,False,True,Maximum documented search expansion reached without a crossing; no claim of impossibility is made.
profile,r_cT,TFP link,conditional arithmetic COV,6.399999999999999,601.8450378720812,0.4152728877546505,ok,no_resolved_crossing_in_evaluated_domain,False,False,,,,,,False,False,True,Maximum documented search expansion reached without a crossing; no claim of impossibility is made.
profile,r_cT,TFP link,conditional arithmetic COV,6.4,601.8450378720822,0.41527288775465065,ok,no_resolved_crossing_in_evaluated_domain,True,False,,,,,,False,False,True,Maximum documented search expansion reached without a crossing; no claim of impossibility is made.
profile,r_cT,TFP link,conditional arithmetic COV,7.039999999999999,1141.387606628967,0.42356951689584754,ok,no_resolved_crossing_in_evaluated_domain,False,False,,,,,,False,False,True,Maximum documented search expansion reached without a crossing; no claim of impossibility is made.
profile,r_cT,TFP link,conditional arithmetic COV,7.68,2164.619771847478,0.43010258333827855,ok,no_resolved_crossing_in_evaluated_domain,False,False,,,,,,False,False,True,Maximum documented search expansion reached without a crossing; no claim of impossibility is made.
profile,r_cT,TFP link,conditional arithmetic COV,8.32,4105.160008274192,0.4352937390929137,ok,no_resolved_crossing_in_evaluated_domain,False,False,,,,,,False,False,True,Maximum documented search expansion reached without a crossing; no claim of impossibility is made.
profile,r_cT,TFP link,conditional arithmetic COV,8.96,7785.357462179364,0.43944926137345613,ok,no_resolved_crossing_in_evaluated_domain,False,False,,,,,,False,False,True,Maximum documented search expansion reached without a crossing; no claim of impossibility is made.
profile,r_cT,TFP link,conditional arithmetic COV,9.600000000000001,14764.781565577294,0.44279622965975807,ok,no_resolved_crossing_in_evaluated_domain,False,False,,,,,,False,False,True,Maximum documented search expansion reached without a crossing; no claim of impossibility is made.
profile,r_cT,TFP link,conditional arithmetic COV,10.239999999999998,28001.125926231478,0.4455058788937254,ok,no_resolved_crossing_in_evaluated_domain,False,False,,,,,,False,False,True,Maximum documented search expansion reached without a crossing; no claim of impossibility is made.
profile,r_cT,TFP link,conditional arithmetic COV,10.879999999999999,53103.59991810817,0.4477091628036251,ok,no_resolved_crossing_in_evaluated_domain,False,False,,,,,,False,False,True,Maximum documented search expansion reached without a crossing; no claim of impossibility is made.
profile,r_cT,TFP link,conditional arithmetic COV,11.52,100709.96186695219,0.4495074174468271,ok,no_resolved_crossing_in_evaluated_domain,False,False,,,,,,False,False,True,Maximum documented search expansion reached without a crossing; no claim of impossibility is made.
profile,r_cT,TFP link,conditional arithmetic COV,12.16,190994.5170362057,0.45097984454346424,ok,no_resolved_crossing_in_evaluated_domain,False,False,,,,,,False,False,True,Maximum documented search expansion reached without a crossing; no claim of impossibility is made.
profile,r_cT,TFP link,conditional arithmetic COV,12.8,362217.44961124816,0.4521888727291734,ok,no_resolved_crossing_in_evaluated_domain,True,False,,,,,,False,False,True,Maximum documented search expansion reached without a crossing; no claim of impossibility is made.
profile,r_mD,DV/loss link,nominal conditional mean,-0.1,0.9048374180359595,0.03787755957540731,ok,crossing_resolved,True,False,,,,,,True,False,False,
profile,r_mD,DV/loss link,nominal conditional mean,-0.095,0.9093729344682314,0.03986669949527528,ok,crossing_resolved,False,False,,,,,,True,False,False,
profile,r_mD,DV/loss link,nominal conditional mean,-0.09000000000000001,0.9139311852712282,0.04193907583659525,ok,crossing_resolved,False,False,,,,,,True,False,False,
profile,r_mD,DV/loss link,nominal conditional mean,-0.085,0.9185122844014574,0.04409692196418602,ok,crossing_resolved,False,False,,,,,,True,False,False,
profile,r_mD,DV/loss link,nominal conditional mean,-0.08,0.9231163463866358,0.04634246334601887,ok,crossing_resolved,False,False,,,,,,True,False,False,
profile,r_mD,DV/loss link,nominal conditional mean,-0.07500000000000001,0.9277434863285529,0.0486779134179247,ok,crossing_resolved,False,False,,,,,,True,False,False,
profile,r_mD,DV/loss link,nominal conditional mean,-0.07,0.9323938199059483,0.051105469316796645,ok,crossing_resolved,False,False,,,,,,True,False,False,
profile,r_mD,DV/loss link,nominal conditional mean,-0.065,0.9370674633774034,0.053627307489665293,ok,crossing_resolved,False,False,,,,,,True,False,False,
profile,r_mD,DV/loss link,nominal conditional mean,-0.060000000000000005,0.9417645335842487,0.05624557918673223,ok,crossing_resolved,False,False,,,,,,True,False,False,
profile,r_mD,DV/loss link,nominal conditional mean,-0.05500000000000001,0.9464851479534838,0.058962405847144767,ok,crossing_resolved,False,False,,,,,,True,False,False,
profile,r_mD,DV/loss link,nominal conditional mean,-0.05,0.951229424500714,0.06177987438698668,ok,crossing_resolved,True,False,,,,,,True,False,False,
profile,r_mD,DV/loss link,nominal conditional mean,-0.0475,0.9536104731326264,0.0632269909035318,ok,crossing_resolved,False,False,,,,,,True,False,False,
profile,r_mD,DV/loss link,nominal conditional mean,-0.045000000000000005,0.9559974818330998,0.06470003239963193,ok,crossing_resolved,False,False,,,,,,True,False,False,
profile,r_mD,DV/loss link,nominal conditional mean,-0.0425,0.958390465520947,0.06619924788020445,ok,crossing_resolved,False,False,,,,,,True,False,False,
profile,r_mD,DV/loss link,nominal conditional mean,-0.04000000000000001,0.9607894391523232,0.0677248832792677,ok,crossing_resolved,False,False,,,,,,True,False,False,
profile,r_mD,DV/loss link,nominal conditional mean,-0.04,0.9607894391523232,0.0677248832792677,ok,crossing_resolved,False,False,,,,,,True,False,False,
profile,r_mD,DV/loss link,nominal conditional mean,-0.037500000000000006,0.9631944177208218,0.06927718130416106,ok,crossing_resolved,False,False,,,,,,True,False,False,
profile,r_mD,DV/loss link,nominal conditional mean,-0.035,0.9656054162575665,0.0708563812790255,ok,crossing_resolved,False,False,,,,,,True,False,False,
profile,r_mD,DV/loss link,nominal conditional mean,-0.0325,0.968022449831306,0.07246271898764835,ok,crossing_resolved,False,False,,,,,,True,False,False,
profile,r_mD,DV/loss link,nominal conditional mean,-0.030000000000000002,0.9704455335485082,0.07409642651577074,ok,crossing_resolved,False,False,,,,,,True,False,False,
profile,r_mD,DV/loss link,nominal conditional mean,-0.03,0.9704455335485082,0.07409642651577074,ok,crossing_resolved,False,False,,,,,,True,False,False,
profile,r_mD,DV/loss link,nominal conditional mean,-0.027500000000000004,0.972874682553454,0.07575773209296427,ok,crossing_resolved,False,False,,,,,,True,False,False,
profile,r_mD,DV/loss link,nominal conditional mean,-0.02500000000000001,0.9753099120283326,0.07744685993418163,ok,crossing_resolved,False,False,,,,,,True,False,False,
profile,r_mD,DV/loss link,nominal conditional mean,-0.025,0.9753099120283326,0.07744685993418163,ok,crossing_resolved,False,False,,,,,,True,False,False,
profile,r_mD,DV/loss link,nominal conditional mean,-0.022500000000000003,0.9777512371933363,0.0791640300810898,ok,crossing_resolved,False,False,,,,,,True,False,False,
profile,r_mD,DV/loss link,nominal conditional mean,-0.020000000000000004,0.9801986733067553,0.0809094582432951,ok,crossing_resolved,False,False,,,,,,True,False,False,
profile,r_mD,DV/loss link,nominal conditional mean,-0.0175,0.9826522356650732,0.0826833556395724,ok,crossing_resolved,False,False,,,,,,True,False,False,
profile,r_mD,DV/loss link,nominal conditional mean,-0.015,0.9851119396030626,0.0844859288392106,ok,crossing_resolved,False,False,,,,,,True,False,False,
profile,r_mD,DV/loss link,nominal conditional mean,-0.012500000000000004,0.9875778004938814,0.08631737960359118,ok,crossing_resolved,False,False,,,,,,True,False,False,
profile,r_mD,DV/loss link,nominal conditional mean,-0.010000000000000009,0.990049833749168,0.08817790472811356,ok,crossing_resolved,False,False,,,,,,True,False,False,
profile,r_mD,DV/loss link,nominal conditional mean,-0.010000000000000002,0.9900498337491681,0.08817790472811363,ok,crossing_resolved,False,False,,,,,,True,False,False,
profile,r_mD,DV/loss link,nominal conditional mean,-0.0075,0.9925280548191384,0.09006769588458763,ok,crossing_resolved,False,False,,,,,,True,False,False,
profile,r_mD,DV/loss link,nominal conditional mean,-0.0050000000000000044,0.9950124791926823,0.09198693946421033,ok,crossing_resolved,False,False,,,,,,True,False,False,
profile,r_mD,DV/loss link,nominal conditional mean,-0.0025000000000000022,0.9975031223974601,0.09393581642124821,ok,crossing_resolved,False,False,,,,,,True,False,False,
profile,r_mD,DV/loss link,nominal conditional mean,0.0,1.0,0.09591450211754649,ok,crossing_resolved,True,False,,,,,,True,False,False,
profile,r_mD,DV/loss link,nominal conditional mean,0.0024999999999999953,1.0025031276057952,0.09792316616798656,ok,crossing_resolved,False,False,,,,,,True,False,False,
profile,r_mD,DV/loss link,nominal conditional mean,0.0049999999999999906,1.005012520859401,0.09996197228701617,ok,crossing_resolved,False,False,,,,,,True,False,False,
profile,r_mD,DV/loss link,nominal conditional mean,0.0049999999999999975,1.005012520859401,0.09996197228701617,ok,crossing_resolved,False,False,,,,,,True,False,False,
profile,r_mD,DV/loss link,nominal conditional mean,0.0075,1.0075281954445339,0.10203107813637652,ok,crossing_resolved,False,False,,,,,,True,False,False,
profile,r_mD,DV/loss link,nominal conditional mean,0.009999999999999995,1.010050167084168,0.10413063517414806,ok,crossing_resolved,False,False,,,,,,True,False,False,
profile,r_mD,DV/loss link,nominal conditional mean,0.012499999999999997,1.0125784515406344,0.10626078850524479,ok,crossing_resolved,False,False,,,,,,True,False,False,
profile,r_mD,DV/loss link,nominal conditional mean,0.015,1.015113064615719,0.108421676733478,ok,crossing_resolved,False,False,,,,,,True,False,False,
profile,r_mD,DV/loss link,nominal conditional mean,0.0175,1.0176540221507617,0.11061343181531985,ok,crossing_resolved,False,False,,,,,,True,False,False,
profile,r_mD,DV/loss link,nominal conditional mean,0.01999999999999999,1.0202013400267558,0.11283617891548847,ok,crossing_resolved,False,False,,,,,,True,False,False,
profile,r_mD,DV/loss link,nominal conditional mean,0.020000000000000004,1.0202013400267558,0.11283617891548847,ok,crossing_resolved,False,False,,,,,,True,False,False,
profile,r_mD,DV/loss link,nominal conditional mean,0.022499999999999992,1.022755034164446,0.11509003626448375,ok,crossing_resolved,False,False,,,,,,True,False,False,
profile,r_mD,DV/loss link,nominal conditional mean,0.024999999999999994,1.0253151205244289,0.11737511501819861,ok,crossing_resolved,False,False,,,,,,True,False,False,
profile,r_mD,DV/loss link,nominal conditional mean,0.027499999999999997,1.0278816151072527,0.11969151911973319,ok,crossing_resolved,False,False,,,,,,True,False,False,
profile,r_mD,DV/loss link,nominal conditional mean,0.03,1.030454533953517,0.12203934516353394,ok,crossing_resolved,False,False,,,,,,True,False,False,
profile,r_mD,DV/loss link,nominal conditional mean,0.0325,1.0330338931439726,0.1244186822619868,ok,crossing_resolved,False,False,,,,,,True,False,False,
profile,r_mD,DV/loss link,nominal conditional mean,0.035,1.0356197087996233,0.12682961191458675,ok,crossing_resolved,False,False,,,,,,True,False,False,
profile,r_mD,DV/loss link,nominal conditional mean,0.037500000000000006,1.038211997081825,0.1292722078798071,ok,crossing_resolved,False,False,,,,,,True,False,False,
profile,r_mD,DV/loss link,nominal conditional mean,0.039999999999999994,1.0408107741923882,0.13174653604979258,ok,crossing_resolved,False,False,,,,,,True,False,False,
profile,r_mD,DV/loss link,nominal conditional mean,0.04000000000000001,1.0408107741923882,0.13174653604979258,ok,crossing_resolved,False,False,,,,,,True,False,False,
profile,r_mD,DV/loss link,nominal conditional mean,0.042499999999999996,1.043416056373678,0.13425265432799838,ok,crossing_resolved,False,False,,,,,,True,False,False,
profile,r_mD,DV/loss link,nominal conditional mean,0.044999999999999984,1.046027859908717,0.136790612509894,ok,crossing_resolved,False,False,,,,,,True,False,False,
profile,r_mD,DV/loss link,nominal conditional mean,0.045,1.046027859908717,0.136790612509894,ok,crossing_resolved,False,False,,,,,,True,False,False,
profile,r_mD,DV/loss link,nominal conditional mean,0.0475,1.0486462011212851,0.1393604521668531,ok,crossing_resolved,False,False,,,,,,True,False,False,
profile,r_mD,DV/loss link,nominal conditional mean,0.04999999999999999,1.0512710963760241,0.14196220653334832,ok,crossing_resolved,False,False,,,,,,True,False,False,
profile,r_mD,DV/loss link,nominal conditional mean,0.05,1.0512710963760241,0.14196220653334832,ok,crossing_resolved,True,False,,,,,,True,False,False,
profile,r_mD,DV/loss link,nominal conditional mean,0.05499999999999999,1.0565406146754943,0.14726154999554453,ok,crossing_resolved,False,False,,,,,,True,False,False,
profile,r_mD,DV/loss link,nominal conditional mean,0.06,1.0618365465453596,0.15268873796684124,ok,crossing_resolved,False,False,,,,,,True,False,False,
profile,r_mD,DV/loss link,nominal conditional mean,0.065,1.0671590243841926,0.1582437255040115,ok,crossing_resolved,False,False,,,,,,True,False,False,
profile,r_mD,DV/loss link,nominal conditional mean,0.07,1.0725081812542165,0.16392632468919155,ok,crossing_resolved,False,False,,,,,,True,False,False,
profile,r_mD,DV/loss link,nominal conditional mean,0.07500000000000001,1.0778841508846315,0.16973620192986927,ok,crossing_resolved,False,False,,,,,,True,False,False,
profile,r_mD,DV/loss link,nominal conditional mean,0.07999999999999999,1.0832870676749586,0.17567287553282865,ok,crossing_resolved,False,False,,,,,,True,False,False,
profile,r_mD,DV/loss link,nominal conditional mean,0.08499999999999999,1.0887170666983987,0.1817357135642716,ok,crossing_resolved,False,False,,,,,,True,False,False,
profile,r_mD,DV/loss link,nominal conditional mean,0.09,1.0941742837052104,0.18792393200759866,ok,crossing_resolved,False,False,,,,,,True,False,False,
profile,r_mD,DV/loss link,nominal conditional mean,0.095,1.0996588551261028,0.1942365932295116,ok,crossing_resolved,False,False,,,,,,True,False,False,
profile,r_mD,DV/loss link,nominal conditional mean,0.1,1.1051709180756477,0.20067260476424215,ok,crossing_resolved,True,False,,,,,,True,False,False,
root,r_mD,DV/loss link,nominal conditional mean,-0.0722531482632246,0.9302953633446296,0.05000000000012417,resolved_target_crossing,crossing_resolved,,,decrease,True,1.2416456751651594e-13,True,True,True,False,False,
profile,r_cD,DV/loss link,conditional arithmetic COV,-0.4,0.6703200460356393,0.04177415665518283,ok,crossing_resolved,True,False,,,,,,True,False,False,
profile,r_cD,DV/loss link,conditional arithmetic COV,-0.38,0.6838614092123558,0.043992496799537276,ok,crossing_resolved,False,False,,,,,,True,False,False,
profile,r_cD,DV/loss link,conditional arithmetic COV,-0.36000000000000004,0.697676326071031,0.0462731972805194,ok,crossing_resolved,False,False,,,,,,True,False,False,
profile,r_cD,DV/loss link,conditional arithmetic COV,-0.34,0.7117703227626097,0.048614977239386195,ok,crossing_resolved,False,False,,,,,,True,False,False,
profile,r_cD,DV/loss link,conditional arithmetic COV,-0.32,0.7261490370736909,0.05101641109975565,ok,crossing_resolved,False,False,,,,,,True,False,False,
profile,r_cD,DV/loss link,conditional arithmetic COV,-0.30000000000000004,0.7408182206817179,0.053475933034618686,ok,crossing_resolved,False,False,,,,,,True,False,False,
profile,r_cD,DV/loss link,conditional arithmetic COV,-0.28,0.7557837414557255,0.05599184196381175,ok,crossing_resolved,False,False,,,,,,True,False,False,
profile,r_cD,DV/loss link,conditional arithmetic COV,-0.26,0.7710515858035663,0.05856230704024377,ok,crossing_resolved,False,False,,,,,,True,False,False,
profile,r_cD,DV/loss link,conditional arithmetic COV,-0.24000000000000002,0.7866278610665534,0.06118537358122177,ok,crossing_resolved,False,False,,,,,,True,False,False,
profile,r_cD,DV/loss link,conditional arithmetic COV,-0.22000000000000003,0.8025187979624785,0.063858969399739,ok,crossing_resolved,False,False,,,,,,True,False,False,
profile,r_cD,DV/loss link,conditional arithmetic COV,-0.2,0.8187307530779818,0.06658091148956391,ok,crossing_resolved,True,False,,,,,,True,False,False,
profile,r_cD,DV/loss link,conditional arithmetic COV,-0.19,0.8269591339433623,0.06795930160982068,ok,crossing_resolved,False,False,,,,,,True,False,False,
profile,r_cD,DV/loss link,conditional arithmetic COV,-0.18000000000000002,0.835270211411272,0.06934891301738844,ok,crossing_resolved,False,False,,,,,,True,False,False,
profile,r_cD,DV/loss link,conditional arithmetic COV,-0.17,0.8436648165963837,0.07074944482509066,ok,crossing_resolved,False,False,,,,,,True,False,False,
profile,r_cD,DV/loss link,conditional arithmetic COV,-0.16000000000000003,0.8521437889662113,0.07216059057513331,ok,crossing_resolved,False,False,,,,,,True,False,False,
profile,r_cD,DV/loss link,conditional arithmetic COV,-0.16,0.8521437889662113,0.07216059057513331,ok,crossing_resolved,False,False,,,,,,True,False,False,
profile,r_cD,DV/loss link,conditional arithmetic COV,-0.15000000000000002,0.8607079764250578,0.07358203847669116,ok,crossing_resolved,False,False,,,,,,True,False,False,
profile,r_cD,DV/loss link,conditional arithmetic COV,-0.14,0.8693582353988059,0.0750134716457532,ok,crossing_resolved,False,False,,,,,,True,False,False,
profile,r_cD,DV/loss link,conditional arithmetic COV,-0.13,0.8780954309205613,0.07645456834687624,ok,crossing_resolved,False,False,,,,,,True,False,False,
profile,r_cD,DV/loss link,conditional arithmetic COV,-0.12000000000000001,0.8869204367171575,0.0779050022365018,ok,crossing_resolved,False,False,,,,,,True,False,False,
profile,r_cD,DV/loss link,conditional arithmetic COV,-0.12,0.8869204367171575,0.0779050022365018,ok,crossing_resolved,False,False,,,,,,True,False,False,
profile,r_cD,DV/loss link,conditional arithmetic COV,-0.11000000000000001,0.8958341352965282,0.07936444260749662,ok,crossing_resolved,False,False,,,,,,True,False,False,
profile,r_cD,DV/loss link,conditional arithmetic COV,-0.10000000000000003,0.9048374180359595,0.08083255463458253,ok,crossing_resolved,False,False,,,,,,True,False,False,
profile,r_cD,DV/loss link,conditional arithmetic COV,-0.1,0.9048374180359595,0.08083255463458253,ok,crossing_resolved,True,False,,,,,,True,False,False,
profile,r_cD,DV/loss link,conditional arithmetic COV,-0.095,0.9093729344682314,0.08156975682073603,ok,crossing_resolved,False,False,,,,,,True,False,False,
profile,r_cD,DV/loss link,conditional arithmetic COV,-0.09000000000000001,0.9139311852712282,0.08230899962032971,ok,crossing_resolved,False,False,,,,,,True,False,False,
profile,r_cD,DV/loss link,conditional arithmetic COV,-0.085,0.9185122844014574,0.08305024013156027,ok,crossing_resolved,False,False,,,,,,True,False,False,
profile,r_cD,DV/loss link,conditional arithmetic COV,-0.08000000000000002,0.9231163463866358,0.08379343524139293,ok,crossing_resolved,False,False,,,,,,True,False,False,
profile,r_cD,DV/loss link,conditional arithmetic COV,-0.08,0.9231163463866358,0.08379343524139293,ok,crossing_resolved,False,False,,,,,,True,False,False,
profile,r_cD,DV/loss link,conditional arithmetic COV,-0.07500000000000001,0.9277434863285529,0.08453854163324799,ok,crossing_resolved,False,False,,,,,,True,False,False,
profile,r_cD,DV/loss link,conditional arithmetic COV,-0.07,0.9323938199059483,0.08528551579467888,ok,crossing_resolved,False,False,,,,,,True,False,False,
profile,r_cD,DV/loss link,conditional arithmetic COV,-0.065,0.9370674633774034,0.08603431402503957,ok,crossing_resolved,False,False,,,,,,True,False,False,
profile,r_cD,DV/loss link,conditional arithmetic COV,-0.060000000000000005,0.9417645335842487,0.08678489244314001,ok,crossing_resolved,False,False,,,,,,True,False,False,
profile,r_cD,DV/loss link,conditional arithmetic COV,-0.06,0.9417645335842487,0.08678489244314001,ok,crossing_resolved,False,False,,,,,,True,False,False,
profile,r_cD,DV/loss link,conditional arithmetic COV,-0.05500000000000001,0.9464851479534838,0.08753720699488551,ok,crossing_resolved,False,False,,,,,,True,False,False,
profile,r_cD,DV/loss link,conditional arithmetic COV,-0.05000000000000002,0.951229424500714,0.08829121346090002,ok,crossing_resolved,False,False,,,,,,True,False,False,
profile,r_cD,DV/loss link,conditional arithmetic COV,-0.05,0.951229424500714,0.08829121346090002,ok,crossing_resolved,True,False,,,,,,True,False,False,
profile,r_cD,DV/loss link,conditional arithmetic COV,-0.0475,0.9536104731326264,0.08866883729988051,ok,crossing_resolved,False,False,,,,,,True,False,False,
profile,r_cD,DV/loss link,conditional arithmetic COV,-0.045000000000000005,0.9559974818330998,0.08904686746412918,ok,crossing_resolved,False,False,,,,,,True,False,False,
profile,r_cD,DV/loss link,conditional arithmetic COV,-0.0425,0.958390465520947,0.08942529838312108,ok,crossing_resolved,False,False,,,,,,True,False,False,
profile,r_cD,DV/loss link,conditional arithmetic COV,-0.040000000000000036,0.9607894391523232,0.08980412447742264,ok,crossing_resolved,False,False,,,,,,True,False,False,
profile,r_cD,DV/loss link,conditional arithmetic COV,-0.04000000000000001,0.9607894391523232,0.08980412447742264,ok,crossing_resolved,False,False,,,,,,True,False,False,
profile,r_cD,DV/loss link,conditional arithmetic COV,-0.04,0.9607894391523232,0.08980412447742264,ok,crossing_resolved,False,False,,,,,,True,False,False,
profile,r_cD,DV/loss link,conditional arithmetic COV,-0.037500000000000006,0.9631944177208218,0.09018334015892784,ok,crossing_resolved,False,False,,,,,,True,False,False,
profile,r_cD,DV/loss link,conditional arithmetic COV,-0.035,0.9656054162575665,0.09056293983109273,ok,crossing_resolved,False,False,,,,,,True,False,False,
profile,r_cD,DV/loss link,conditional arithmetic COV,-0.0325,0.968022449831306,0.0909429178891708,ok,crossing_resolved,False,False,,,,,,True,False,False,
profile,r_cD,DV/loss link,conditional arithmetic COV,-0.030000000000000002,0.9704455335485082,0.09132326872044699,ok,crossing_resolved,False,False,,,,,,True,False,False,
profile,r_cD,DV/loss link,conditional arithmetic COV,-0.03,0.9704455335485082,0.09132326872044699,ok,crossing_resolved,False,False,,,,,,True,False,False,
profile,r_cD,DV/loss link,conditional arithmetic COV,-0.027500000000000004,0.972874682553454,0.09170398670447175,ok,crossing_resolved,False,False,,,,,,True,False,False,
profile,r_cD,DV/loss link,conditional arithmetic COV,-0.02500000000000001,0.9753099120283326,0.09208506621329414,ok,crossing_resolved,False,False,,,,,,True,False,False,
profile,r_cD,DV/loss link,conditional arithmetic COV,-0.025,0.9753099120283326,0.09208506621329414,ok,crossing_resolved,False,False,,,,,,True,False,False,
profile,r_cD,DV/loss link,conditional arithmetic COV,-0.022500000000000003,0.9777512371933363,0.0924665016116951,ok,crossing_resolved,False,False,,,,,,True,False,False,
profile,r_cD,DV/loss link,conditional arithmetic COV,-0.020000000000000018,0.9801986733067553,0.09284828725741961,ok,crossing_resolved,False,False,,,,,,True,False,False,
profile,r_cD,DV/loss link,conditional arithmetic COV,-0.020000000000000004,0.9801986733067553,0.09284828725741961,ok,crossing_resolved,False,False,,,,,,True,False,False,
profile,r_cD,DV/loss link,conditional arithmetic COV,-0.0175,0.9826522356650732,0.09323041750140862,ok,crossing_resolved,False,False,,,,,,True,False,False,
profile,r_cD,DV/loss link,conditional arithmetic COV,-0.015,0.9851119396030626,0.09361288668803028,ok,crossing_resolved,False,False,,,,,,True,False,False,
profile,r_cD,DV/loss link,conditional arithmetic COV,-0.012500000000000004,0.9875778004938814,0.09399568915531097,ok,crossing_resolved,False,False,,,,,,True,False,False,
profile,r_cD,DV/loss link,conditional arithmetic COV,-0.010000000000000009,0.990049833749168,0.09437881923516533,ok,crossing_resolved,False,False,,,,,,True,False,False,
profile,r_cD,DV/loss link,conditional arithmetic COV,-0.010000000000000002,0.9900498337491681,0.09437881923516533,ok,crossing_resolved,False,False,,,,,,True,False,False,
profile,r_cD,DV/loss link,conditional arithmetic COV,-0.0075,0.9925280548191384,0.09476227125362593,ok,crossing_resolved,False,False,,,,,,True,False,False,
profile,r_cD,DV/loss link,conditional arithmetic COV,-0.0050000000000000044,0.9950124791926823,0.09514603953107242,ok,crossing_resolved,False,False,,,,,,True,False,False,
profile,r_cD,DV/loss link,conditional arithmetic COV,-0.0025000000000000022,0.9975031223974601,0.0955301183824598,ok,crossing_resolved,False,False,,,,,,True,False,False,
profile,r_cD,DV/loss link,conditional arithmetic COV,0.0,1.0,0.09591450211754649,ok,crossing_resolved,True,False,,,,,,True,False,False,
profile,r_cD,DV/loss link,conditional arithmetic COV,0.0024999999999999953,1.0025031276057952,0.09629918504112123,ok,crossing_resolved,False,False,,,,,,True,False,False,
profile,r_cD,DV/loss link,conditional arithmetic COV,0.0049999999999999906,1.005012520859401,0.09668416145322986,ok,crossing_resolved,False,False,,,,,,True,False,False,
profile,r_cD,DV/loss link,conditional arithmetic COV,0.0049999999999999975,1.005012520859401,0.09668416145322986,ok,crossing_resolved,False,False,,,,,,True,False,False,
profile,r_cD,DV/loss link,conditional arithmetic COV,0.0075,1.0075281954445339,0.09706942564940127,ok,crossing_resolved,False,False,,,,,,True,False,False,
profile,r_cD,DV/loss link,conditional arithmetic COV,0.009999999999999981,1.010050167084168,0.09745497192087216,ok,crossing_resolved,False,False,,,,,,True,False,False,
profile,r_cD,DV/loss link,conditional arithmetic COV,0.009999999999999995,1.010050167084168,0.09745497192087216,ok,crossing_resolved,False,False,,,,,,True,False,False,
profile,r_cD,DV/loss link,conditional arithmetic COV,0.012499999999999997,1.0125784515406344,0.0978407945548122,ok,crossing_resolved,False,False,,,,,,True,False,False,
profile,r_cD,DV/loss link,conditional arithmetic COV,0.015,1.015113064615719,0.09822688783454739,ok,crossing_resolved,False,False,,,,,,True,False,False,
profile,r_cD,DV/loss link,conditional arithmetic COV,0.0175,1.0176540221507617,0.09861324603978336,ok,crossing_resolved,False,False,,,,,,True,False,False,
profile,r_cD,DV/loss link,conditional arithmetic COV,0.019999999999999962,1.0202013400267558,0.09899986344682779,ok,crossing_resolved,False,False,,,,,,True,False,False,
profile,r_cD,DV/loss link,conditional arithmetic COV,0.01999999999999999,1.0202013400267558,0.09899986344682779,ok,crossing_resolved,False,False,,,,,,True,False,False,
profile,r_cD,DV/loss link,conditional arithmetic COV,0.020000000000000004,1.0202013400267558,0.09899986344682779,ok,crossing_resolved,False,False,,,,,,True,False,False,
profile,r_cD,DV/loss link,conditional arithmetic COV,0.022499999999999992,1.022755034164446,0.09938673432881204,ok,crossing_resolved,False,False,,,,,,True,False,False,
profile,r_cD,DV/loss link,conditional arithmetic COV,0.024999999999999994,1.0253151205244289,0.09977385295591198,ok,crossing_resolved,False,False,,,,,,True,False,False,
profile,r_cD,DV/loss link,conditional arithmetic COV,0.027499999999999997,1.0278816151072527,0.10016121359556845,ok,crossing_resolved,False,False,,,,,,True,False,False,
profile,r_cD,DV/loss link,conditional arithmetic COV,0.03,1.030454533953517,0.10054881051270614,ok,crossing_resolved,False,False,,,,,,True,False,False,
profile,r_cD,DV/loss link,conditional arithmetic COV,0.0325,1.0330338931439726,0.10093663796995272,ok,crossing_resolved,False,False,,,,,,True,False,False,
profile,r_cD,DV/loss link,conditional arithmetic COV,0.035,1.0356197087996233,0.10132469022785642,ok,crossing_resolved,False,False,,,,,,True,False,False,
profile,r_cD,DV/loss link,conditional arithmetic COV,0.037500000000000006,1.038211997081825,0.10171296154510295,ok,crossing_resolved,False,False,,,,,,True,False,False,
profile,r_cD,DV/loss link,conditional arithmetic COV,0.03999999999999998,1.0408107741923882,0.10210144617873186,ok,crossing_resolved,False,False,,,,,,True,False,False,
profile,r_cD,DV/loss link,conditional arithmetic COV,0.039999999999999994,1.0408107741923882,0.10210144617873186,ok,crossing_resolved,False,False,,,,,,True,False,False,
profile,r_cD,DV/loss link,conditional arithmetic COV,0.04000000000000001,1.0408107741923882,0.10210144617873186,ok,crossing_resolved,False,False,,,,,,True,False,False,
profile,r_cD,DV/loss link,conditional arithmetic COV,0.042499999999999996,1.043416056373678,0.10249013838435175,ok,crossing_resolved,False,False,,,,,,True,False,False,
profile,r_cD,DV/loss link,conditional arithmetic COV,0.044999999999999984,1.046027859908717,0.10287903241635506,ok,crossing_resolved,False,False,,,,,,True,False,False,
profile,r_cD,DV/loss link,conditional arithmetic COV,0.045,1.046027859908717,0.10287903241635506,ok,crossing_resolved,False,False,,,,,,True,False,False,
profile,r_cD,DV/loss link,conditional arithmetic COV,0.0475,1.0486462011212851,0.10326812252813151,ok,crossing_resolved,False,False,,,,,,True,False,False,
profile,r_cD,DV/loss link,conditional arithmetic COV,0.04999999999999999,1.0512710963760241,0.10365740297228097,ok,crossing_resolved,False,False,,,,,,True,False,False,
profile,r_cD,DV/loss link,conditional arithmetic COV,0.05,1.0512710963760241,0.10365740297228097,ok,crossing_resolved,True,False,,,,,,True,False,False,
profile,r_cD,DV/loss link,conditional arithmetic COV,0.05499999999999999,1.0565406146754943,0.10443651186542034,ok,crossing_resolved,False,False,,,,,,True,False,False,
profile,r_cD,DV/loss link,conditional arithmetic COV,0.06,1.0618365465453596,0.10521631310880841,ok,crossing_resolved,False,False,,,,,,True,False,False,
profile,r_cD,DV/loss link,conditional arithmetic COV,0.065,1.0671590243841926,0.10599676071631672,ok,crossing_resolved,False,False,,,,,,True,False,False,
profile,r_cD,DV/loss link,conditional arithmetic COV,0.07,1.0725081812542165,0.1067778087093062,ok,crossing_resolved,False,False,,,,,,True,False,False,
profile,r_cD,DV/loss link,conditional arithmetic COV,0.07500000000000001,1.0778841508846315,0.10755941112322176,ok,crossing_resolved,False,False,,,,,,True,False,False,
profile,r_cD,DV/loss link,conditional arithmetic COV,0.07999999999999996,1.0832870676749584,0.10834152201412603,ok,crossing_resolved,False,False,,,,,,True,False,False,
profile,r_cD,DV/loss link,conditional arithmetic COV,0.07999999999999999,1.0832870676749586,0.10834152201412607,ok,crossing_resolved,False,False,,,,,,True,False,False,
profile,r_cD,DV/loss link,conditional arithmetic COV,0.08000000000000002,1.0832870676749586,0.10834152201412607,ok,crossing_resolved,False,False,,,,,,True,False,False,
profile,r_cD,DV/loss link,conditional arithmetic COV,0.08499999999999999,1.0887170666983987,0.10912409546517174,ok,crossing_resolved,False,False,,,,,,True,False,False,
profile,r_cD,DV/loss link,conditional arithmetic COV,0.08999999999999997,1.0941742837052104,0.10990708559301116,ok,crossing_resolved,False,False,,,,,,True,False,False,
profile,r_cD,DV/loss link,conditional arithmetic COV,0.09,1.0941742837052104,0.10990708559301116,ok,crossing_resolved,False,False,,,,,,True,False,False,
profile,r_cD,DV/loss link,conditional arithmetic COV,0.095,1.0996588551261028,0.11069044655414244,ok,crossing_resolved,False,False,,,,,,True,False,False,
profile,r_cD,DV/loss link,conditional arithmetic COV,0.09999999999999998,1.1051709180756475,0.11147413255119075,ok,crossing_resolved,False,False,,,,,,True,False,False,
profile,r_cD,DV/loss link,conditional arithmetic COV,0.1,1.1051709180756477,0.11147413255119079,ok,crossing_resolved,True,False,,,,,,True,False,False,
profile,r_cD,DV/loss link,conditional arithmetic COV,0.10999999999999999,1.1162780704588713,0.11304229673140367,ok,crossing_resolved,False,False,,,,,,True,False,False,
profile,r_cD,DV/loss link,conditional arithmetic COV,0.12,1.1274968515793757,0.11461121291172505,ok,crossing_resolved,False,False,,,,,,True,False,False,
profile,r_cD,DV/loss link,conditional arithmetic COV,0.13,1.1388283833246218,0.11618051699908317,ok,crossing_resolved,False,False,,,,,,True,False,False,
profile,r_cD,DV/loss link,conditional arithmetic COV,0.14,1.1502737988572274,0.11774984621836102,ok,crossing_resolved,False,False,,,,,,True,False,False,
profile,r_cD,DV/loss link,conditional arithmetic COV,0.15000000000000002,1.161834242728283,0.1193188392969883,ok,crossing_resolved,False,False,,,,,,True,False,False,
profile,r_cD,DV/loss link,conditional arithmetic COV,0.15999999999999998,1.1735108709918103,0.1208871366449406,ok,crossing_resolved,False,False,,,,,,True,False,False,
profile,r_cD,DV/loss link,conditional arithmetic COV,0.16000000000000003,1.1735108709918103,0.1208871366449406,ok,crossing_resolved,False,False,,,,,,True,False,False,
profile,r_cD,DV/loss link,conditional arithmetic COV,0.16999999999999998,1.1853048513203654,0.12245438053006832,ok,crossing_resolved,False,False,,,,,,True,False,False,
profile,r_cD,DV/loss link,conditional arithmetic COV,0.17999999999999994,1.1972173631218102,0.1240202152486926,ok,crossing_resolved,False,False,,,,,,True,False,False,
profile,r_cD,DV/loss link,conditional arithmetic COV,0.18,1.1972173631218102,0.1240202152486926,ok,crossing_resolved,False,False,,,,,,True,False,False,
profile,r_cD,DV/loss link,conditional arithmetic COV,0.19,1.2092495976572515,0.1255842872914095,ok,crossing_resolved,False,False,,,,,,True,False,False,
profile,r_cD,DV/loss link,conditional arithmetic COV,0.19999999999999996,1.2214027581601699,0.1271462455040563,ok,crossing_resolved,False,False,,,,,,True,False,False,
profile,r_cD,DV/loss link,conditional arithmetic COV,0.2,1.2214027581601699,0.1271462455040563,ok,crossing_resolved,True,False,,,,,,True,False,False,
profile,r_cD,DV/loss link,conditional arithmetic COV,0.21999999999999997,1.2460767305873808,0.13026242853032696,ok,crossing_resolved,False,False,,,,,,True,False,False,
profile,r_cD,DV/loss link,conditional arithmetic COV,0.24,1.2712491503214047,0.133366008007599,ok,crossing_resolved,False,False,,,,,,True,False,False,
profile,r_cD,DV/loss link,conditional arithmetic COV,0.26,1.2969300866657718,0.13645427477765953,ok,crossing_resolved,False,False,,,,,,True,False,False,
profile,r_cD,DV/loss link,conditional arithmetic COV,0.28,1.3231298123374369,0.13952457112853944,ok,crossing_resolved,False,False,,,,,,True,False,False,
profile,r_cD,DV/loss link,conditional arithmetic COV,0.30000000000000004,1.3498588075760032,0.14257429476334166,ok,crossing_resolved,False,False,,,,,,True,False,False,
profile,r_cD,DV/loss link,conditional arithmetic COV,0.31999999999999995,1.377127764335957,0.14560090245574142,ok,crossing_resolved,False,False,,,,,,True,False,False,
profile,r_cD,DV/loss link,conditional arithmetic COV,0.33999999999999997,1.4049475905635938,0.1486019133961813,ok,crossing_resolved,False,False,,,,,,True,False,False,
profile,r_cD,DV/loss link,conditional arithmetic COV,0.36,1.4333294145603401,0.1515749122342607,ok,crossing_resolved,False,False,,,,,,True,False,False,
profile,r_cD,DV/loss link,conditional arithmetic COV,0.38,1.4622845894342245,0.15451755182415416,ok,crossing_resolved,False,False,,,,,,True,False,False,
profile,r_cD,DV/loss link,conditional arithmetic COV,0.4,1.4918246976412703,0.15742755568107122,ok,crossing_resolved,True,False,,,,,,True,False,False,
root,r_cD,DV/loss link,conditional arithmetic COV,-0.3284053224233941,0.7200710995853127,0.050000000000018516,resolved_target_crossing,crossing_resolved,,,decrease,True,1.8512968935624485e-14,True,True,True,False,False,
